-- phpMyAdmin SQL Dump
-- version 4.8.5
-- https://www.phpmyadmin.net/
--
-- Host: localhost:3306
-- Generation Time: Dec 14, 2020 at 04:01 PM
-- Server version: 5.7.24
-- PHP Version: 7.2.11

SET SQL_MODE = "NO_AUTO_VALUE_ON_ZERO";
SET AUTOCOMMIT = 0;
START TRANSACTION;
SET time_zone = "+00:00";


/*!40101 SET @OLD_CHARACTER_SET_CLIENT=@@CHARACTER_SET_CLIENT */;
/*!40101 SET @OLD_CHARACTER_SET_RESULTS=@@CHARACTER_SET_RESULTS */;
/*!40101 SET @OLD_COLLATION_CONNECTION=@@COLLATION_CONNECTION */;
/*!40101 SET NAMES utf8mb4 */;

--
-- Database: `laravelexcelapp`
--

-- --------------------------------------------------------

--
-- Table structure for table `authors`
--

CREATE TABLE `authors` (
  `id` int(10) UNSIGNED NOT NULL,
  `name` varchar(255) COLLATE utf8mb4_unicode_ci NOT NULL,
  `surname` varchar(255) COLLATE utf8mb4_unicode_ci NOT NULL,
  `created_at` timestamp NULL DEFAULT NULL,
  `updated_at` timestamp NULL DEFAULT NULL,
  `book_id` int(10) UNSIGNED DEFAULT NULL
) ENGINE=InnoDB DEFAULT CHARSET=utf8mb4 COLLATE=utf8mb4_unicode_ci ROW_FORMAT=DYNAMIC;

--
-- Dumping data for table `authors`
--

INSERT INTO `authors` (`id`, `name`, `surname`, `created_at`, `updated_at`, `book_id`) VALUES
(1, 'Name1', 'Surname1', NULL, NULL, 1),
(2, 'Name2', 'Surname2', NULL, NULL, 1),
(3, 'Name3', 'Surname3', NULL, NULL, 1),
(4, 'Name4', 'Surname4', NULL, NULL, 2),
(5, 'Name5', 'Surname5', NULL, NULL, 2),
(6, 'Name6', 'Surname6', NULL, NULL, 2),
(7, 'Name7', 'Surname7', NULL, NULL, 3),
(8, 'Name8', 'Surname8', NULL, NULL, 4),
(9, 'Name9', 'Surname9', NULL, NULL, 4),
(10, 'Name10', 'Surname10', NULL, NULL, 4),
(11, 'Name1', 'Surname1', NULL, NULL, 1),
(12, 'Name2', 'Surname2', NULL, NULL, 1),
(13, 'Name3', 'Surname3', NULL, NULL, 1),
(14, 'Name4', 'Surname4', NULL, NULL, 2),
(15, 'Name5', 'Surname5', NULL, NULL, 2),
(16, 'Name6', 'Surname6', NULL, NULL, 2),
(17, 'Name7', 'Surname7', NULL, NULL, 3),
(18, 'Name8', 'Surname8', NULL, NULL, 4),
(19, 'Name9', 'Surname9', NULL, NULL, 4),
(20, 'Name10', 'Surname10', NULL, NULL, 4);

-- --------------------------------------------------------

--
-- Table structure for table `books`
--

CREATE TABLE `books` (
  `id` int(10) UNSIGNED NOT NULL,
  `title` varchar(255) COLLATE utf8mb4_unicode_ci NOT NULL,
  `description` text COLLATE utf8mb4_unicode_ci NOT NULL,
  `author` varchar(255) COLLATE utf8mb4_unicode_ci NOT NULL,
  `editor` varchar(255) COLLATE utf8mb4_unicode_ci NOT NULL,
  `created_at` timestamp NULL DEFAULT NULL,
  `updated_at` timestamp NULL DEFAULT NULL
) ENGINE=InnoDB DEFAULT CHARSET=utf8mb4 COLLATE=utf8mb4_unicode_ci ROW_FORMAT=DYNAMIC;

--
-- Dumping data for table `books`
--

INSERT INTO `books` (`id`, `title`, `description`, `author`, `editor`, `created_at`, `updated_at`) VALUES
(1, 'Lorem ipsum dolor sit amet1', 'Lorem ipsum dolor sit amet, qui labores accumsan an. Omnes tamquam id ius. Nec eligendi convenire splendide te, id sea facete audiam. In vis ridens sanctus epicurei, ad pro possim eripuit adolescens, ad eos veritus molestie.\nNe aeterno urbanitas eum. Ei laudem animal consequat est, no vis ceteros maluisset neglegentur. Eum natum virtute in, ei consequat liberavisse vis. Eu mea lobortis assueverit, causae platonem eam ei, his cu omnis bonorum interesset. Ex euismod perfecto has, at deserunt sensibus recteque usu. Et simul decore quo, et mea periculis urbanitas, no eam cetero vivendum.\n', 'Author1', 'Editor1', NULL, NULL),
(2, 'Lorem ipsum dolor sit amet2', 'Lorem ipsum dolor sit amet, qui labores accumsan an. Omnes tamquam id ius. Nec eligendi convenire splendide te, id sea facete audiam. In vis ridens sanctus epicurei, ad pro possim eripuit adolescens, ad eos veritus molestie.\nNe aeterno urbanitas eum. Ei laudem animal consequat est, no vis ceteros maluisset neglegentur. Eum natum virtute in, ei consequat liberavisse vis. Eu mea lobortis assueverit, causae platonem eam ei, his cu omnis bonorum interesset. Ex euismod perfecto has, at deserunt sensibus recteque usu. Et simul decore quo, et mea periculis urbanitas, no eam cetero vivendum.\n', 'Author2', 'Editor2', NULL, NULL),
(3, 'Lorem ipsum dolor sit amet3', 'Lorem ipsum dolor sit amet, qui labores accumsan an. Omnes tamquam id ius. Nec eligendi convenire splendide te, id sea facete audiam. In vis ridens sanctus epicurei, ad pro possim eripuit adolescens, ad eos veritus molestie.\nNe aeterno urbanitas eum. Ei laudem animal consequat est, no vis ceteros maluisset neglegentur. Eum natum virtute in, ei consequat liberavisse vis. Eu mea lobortis assueverit, causae platonem eam ei, his cu omnis bonorum interesset. Ex euismod perfecto has, at deserunt sensibus recteque usu. Et simul decore quo, et mea periculis urbanitas, no eam cetero vivendum.\n', 'Author3', 'Editor3', NULL, NULL),
(4, 'Lorem ipsum dolor sit amet4', 'Lorem ipsum dolor sit amet, qui labores accumsan an. Omnes tamquam id ius. Nec eligendi convenire splendide te, id sea facete audiam. In vis ridens sanctus epicurei, ad pro possim eripuit adolescens, ad eos veritus molestie.\nNe aeterno urbanitas eum. Ei laudem animal consequat est, no vis ceteros maluisset neglegentur. Eum natum virtute in, ei consequat liberavisse vis. Eu mea lobortis assueverit, causae platonem eam ei, his cu omnis bonorum interesset. Ex euismod perfecto has, at deserunt sensibus recteque usu. Et simul decore quo, et mea periculis urbanitas, no eam cetero vivendum.\n', 'Author4', 'Editor4', NULL, NULL),
(5, 'Lorem ipsum dolor sit amet5', 'Lorem ipsum dolor sit amet, qui labores accumsan an. Omnes tamquam id ius. Nec eligendi convenire splendide te, id sea facete audiam. In vis ridens sanctus epicurei, ad pro possim eripuit adolescens, ad eos veritus molestie.\nNe aeterno urbanitas eum. Ei laudem animal consequat est, no vis ceteros maluisset neglegentur. Eum natum virtute in, ei consequat liberavisse vis. Eu mea lobortis assueverit, causae platonem eam ei, his cu omnis bonorum interesset. Ex euismod perfecto has, at deserunt sensibus recteque usu. Et simul decore quo, et mea periculis urbanitas, no eam cetero vivendum.\n', 'Author5', 'Editor5', NULL, NULL),
(6, 'Lorem ipsum dolor sit amet6', 'Lorem ipsum dolor sit amet, qui labores accumsan an. Omnes tamquam id ius. Nec eligendi convenire splendide te, id sea facete audiam. In vis ridens sanctus epicurei, ad pro possim eripuit adolescens, ad eos veritus molestie.\nNe aeterno urbanitas eum. Ei laudem animal consequat est, no vis ceteros maluisset neglegentur. Eum natum virtute in, ei consequat liberavisse vis. Eu mea lobortis assueverit, causae platonem eam ei, his cu omnis bonorum interesset. Ex euismod perfecto has, at deserunt sensibus recteque usu. Et simul decore quo, et mea periculis urbanitas, no eam cetero vivendum.\n', 'Author6', 'Editor6', NULL, NULL),
(7, 'Lorem ipsum dolor sit amet7', 'Lorem ipsum dolor sit amet, qui labores accumsan an. Omnes tamquam id ius. Nec eligendi convenire splendide te, id sea facete audiam. In vis ridens sanctus epicurei, ad pro possim eripuit adolescens, ad eos veritus molestie.\nNe aeterno urbanitas eum. Ei laudem animal consequat est, no vis ceteros maluisset neglegentur. Eum natum virtute in, ei consequat liberavisse vis. Eu mea lobortis assueverit, causae platonem eam ei, his cu omnis bonorum interesset. Ex euismod perfecto has, at deserunt sensibus recteque usu. Et simul decore quo, et mea periculis urbanitas, no eam cetero vivendum.\n', 'Author7', 'Editor7', NULL, NULL),
(8, 'Lorem ipsum dolor sit amet8', 'Lorem ipsum dolor sit amet, qui labores accumsan an. Omnes tamquam id ius. Nec eligendi convenire splendide te, id sea facete audiam. In vis ridens sanctus epicurei, ad pro possim eripuit adolescens, ad eos veritus molestie.\nNe aeterno urbanitas eum. Ei laudem animal consequat est, no vis ceteros maluisset neglegentur. Eum natum virtute in, ei consequat liberavisse vis. Eu mea lobortis assueverit, causae platonem eam ei, his cu omnis bonorum interesset. Ex euismod perfecto has, at deserunt sensibus recteque usu. Et simul decore quo, et mea periculis urbanitas, no eam cetero vivendum.\n', 'Author8', 'Editor8', NULL, NULL),
(9, 'Lorem ipsum dolor sit amet9', 'Lorem ipsum dolor sit amet, qui labores accumsan an. Omnes tamquam id ius. Nec eligendi convenire splendide te, id sea facete audiam. In vis ridens sanctus epicurei, ad pro possim eripuit adolescens, ad eos veritus molestie.\nNe aeterno urbanitas eum. Ei laudem animal consequat est, no vis ceteros maluisset neglegentur. Eum natum virtute in, ei consequat liberavisse vis. Eu mea lobortis assueverit, causae platonem eam ei, his cu omnis bonorum interesset. Ex euismod perfecto has, at deserunt sensibus recteque usu. Et simul decore quo, et mea periculis urbanitas, no eam cetero vivendum.\n', 'Author9', 'Editor9', NULL, NULL),
(10, 'Lorem ipsum dolor sit amet10', 'Lorem ipsum dolor sit amet, qui labores accumsan an. Omnes tamquam id ius. Nec eligendi convenire splendide te, id sea facete audiam. In vis ridens sanctus epicurei, ad pro possim eripuit adolescens, ad eos veritus molestie.\nNe aeterno urbanitas eum. Ei laudem animal consequat est, no vis ceteros maluisset neglegentur. Eum natum virtute in, ei consequat liberavisse vis. Eu mea lobortis assueverit, causae platonem eam ei, his cu omnis bonorum interesset. Ex euismod perfecto has, at deserunt sensibus recteque usu. Et simul decore quo, et mea periculis urbanitas, no eam cetero vivendum.\n', 'Author10', 'Editor10', NULL, NULL),
(11, 'Lorem ipsum dolor sit amet11', 'Lorem ipsum dolor sit amet, qui labores accumsan an. Omnes tamquam id ius. Nec eligendi convenire splendide te, id sea facete audiam. In vis ridens sanctus epicurei, ad pro possim eripuit adolescens, ad eos veritus molestie.\nNe aeterno urbanitas eum. Ei laudem animal consequat est, no vis ceteros maluisset neglegentur. Eum natum virtute in, ei consequat liberavisse vis. Eu mea lobortis assueverit, causae platonem eam ei, his cu omnis bonorum interesset. Ex euismod perfecto has, at deserunt sensibus recteque usu. Et simul decore quo, et mea periculis urbanitas, no eam cetero vivendum.\n', 'Author11', 'Editor11', NULL, NULL),
(12, 'Lorem ipsum dolor sit amet12', 'Lorem ipsum dolor sit amet, qui labores accumsan an. Omnes tamquam id ius. Nec eligendi convenire splendide te, id sea facete audiam. In vis ridens sanctus epicurei, ad pro possim eripuit adolescens, ad eos veritus molestie.\nNe aeterno urbanitas eum. Ei laudem animal consequat est, no vis ceteros maluisset neglegentur. Eum natum virtute in, ei consequat liberavisse vis. Eu mea lobortis assueverit, causae platonem eam ei, his cu omnis bonorum interesset. Ex euismod perfecto has, at deserunt sensibus recteque usu. Et simul decore quo, et mea periculis urbanitas, no eam cetero vivendum.\n', 'Author12', 'Editor12', NULL, NULL),
(13, 'Lorem ipsum dolor sit amet13', 'Lorem ipsum dolor sit amet, qui labores accumsan an. Omnes tamquam id ius. Nec eligendi convenire splendide te, id sea facete audiam. In vis ridens sanctus epicurei, ad pro possim eripuit adolescens, ad eos veritus molestie.\nNe aeterno urbanitas eum. Ei laudem animal consequat est, no vis ceteros maluisset neglegentur. Eum natum virtute in, ei consequat liberavisse vis. Eu mea lobortis assueverit, causae platonem eam ei, his cu omnis bonorum interesset. Ex euismod perfecto has, at deserunt sensibus recteque usu. Et simul decore quo, et mea periculis urbanitas, no eam cetero vivendum.\n', 'Author13', 'Editor13', NULL, NULL),
(14, 'Lorem ipsum dolor sit amet14', 'Lorem ipsum dolor sit amet, qui labores accumsan an. Omnes tamquam id ius. Nec eligendi convenire splendide te, id sea facete audiam. In vis ridens sanctus epicurei, ad pro possim eripuit adolescens, ad eos veritus molestie.\nNe aeterno urbanitas eum. Ei laudem animal consequat est, no vis ceteros maluisset neglegentur. Eum natum virtute in, ei consequat liberavisse vis. Eu mea lobortis assueverit, causae platonem eam ei, his cu omnis bonorum interesset. Ex euismod perfecto has, at deserunt sensibus recteque usu. Et simul decore quo, et mea periculis urbanitas, no eam cetero vivendum.\n', 'Author14', 'Editor14', NULL, NULL),
(15, 'Lorem ipsum dolor sit amet15', 'Lorem ipsum dolor sit amet, qui labores accumsan an. Omnes tamquam id ius. Nec eligendi convenire splendide te, id sea facete audiam. In vis ridens sanctus epicurei, ad pro possim eripuit adolescens, ad eos veritus molestie.\nNe aeterno urbanitas eum. Ei laudem animal consequat est, no vis ceteros maluisset neglegentur. Eum natum virtute in, ei consequat liberavisse vis. Eu mea lobortis assueverit, causae platonem eam ei, his cu omnis bonorum interesset. Ex euismod perfecto has, at deserunt sensibus recteque usu. Et simul decore quo, et mea periculis urbanitas, no eam cetero vivendum.\n', 'Author15', 'Editor15', NULL, NULL),
(16, 'Lorem ipsum dolor sit amet16', 'Lorem ipsum dolor sit amet, qui labores accumsan an. Omnes tamquam id ius. Nec eligendi convenire splendide te, id sea facete audiam. In vis ridens sanctus epicurei, ad pro possim eripuit adolescens, ad eos veritus molestie.\nNe aeterno urbanitas eum. Ei laudem animal consequat est, no vis ceteros maluisset neglegentur. Eum natum virtute in, ei consequat liberavisse vis. Eu mea lobortis assueverit, causae platonem eam ei, his cu omnis bonorum interesset. Ex euismod perfecto has, at deserunt sensibus recteque usu. Et simul decore quo, et mea periculis urbanitas, no eam cetero vivendum.\n', 'Author16', 'Editor16', NULL, NULL),
(17, 'Lorem ipsum dolor sit amet17', 'Lorem ipsum dolor sit amet, qui labores accumsan an. Omnes tamquam id ius. Nec eligendi convenire splendide te, id sea facete audiam. In vis ridens sanctus epicurei, ad pro possim eripuit adolescens, ad eos veritus molestie.\nNe aeterno urbanitas eum. Ei laudem animal consequat est, no vis ceteros maluisset neglegentur. Eum natum virtute in, ei consequat liberavisse vis. Eu mea lobortis assueverit, causae platonem eam ei, his cu omnis bonorum interesset. Ex euismod perfecto has, at deserunt sensibus recteque usu. Et simul decore quo, et mea periculis urbanitas, no eam cetero vivendum.\n', 'Author17', 'Editor17', NULL, NULL),
(18, 'Lorem ipsum dolor sit amet18', 'Lorem ipsum dolor sit amet, qui labores accumsan an. Omnes tamquam id ius. Nec eligendi convenire splendide te, id sea facete audiam. In vis ridens sanctus epicurei, ad pro possim eripuit adolescens, ad eos veritus molestie.\nNe aeterno urbanitas eum. Ei laudem animal consequat est, no vis ceteros maluisset neglegentur. Eum natum virtute in, ei consequat liberavisse vis. Eu mea lobortis assueverit, causae platonem eam ei, his cu omnis bonorum interesset. Ex euismod perfecto has, at deserunt sensibus recteque usu. Et simul decore quo, et mea periculis urbanitas, no eam cetero vivendum.\n', 'Author18', 'Editor18', NULL, NULL),
(19, 'Lorem ipsum dolor sit amet19', 'Lorem ipsum dolor sit amet, qui labores accumsan an. Omnes tamquam id ius. Nec eligendi convenire splendide te, id sea facete audiam. In vis ridens sanctus epicurei, ad pro possim eripuit adolescens, ad eos veritus molestie.\nNe aeterno urbanitas eum. Ei laudem animal consequat est, no vis ceteros maluisset neglegentur. Eum natum virtute in, ei consequat liberavisse vis. Eu mea lobortis assueverit, causae platonem eam ei, his cu omnis bonorum interesset. Ex euismod perfecto has, at deserunt sensibus recteque usu. Et simul decore quo, et mea periculis urbanitas, no eam cetero vivendum.\n', 'Author19', 'Editor19', NULL, NULL),
(20, 'Lorem ipsum dolor sit amet20', 'Lorem ipsum dolor sit amet, qui labores accumsan an. Omnes tamquam id ius. Nec eligendi convenire splendide te, id sea facete audiam. In vis ridens sanctus epicurei, ad pro possim eripuit adolescens, ad eos veritus molestie.\nNe aeterno urbanitas eum. Ei laudem animal consequat est, no vis ceteros maluisset neglegentur. Eum natum virtute in, ei consequat liberavisse vis. Eu mea lobortis assueverit, causae platonem eam ei, his cu omnis bonorum interesset. Ex euismod perfecto has, at deserunt sensibus recteque usu. Et simul decore quo, et mea periculis urbanitas, no eam cetero vivendum.\n', 'Author20', 'Editor20', NULL, NULL),
(21, 'Lorem ipsum dolor sit amet21', 'Lorem ipsum dolor sit amet, qui labores accumsan an. Omnes tamquam id ius. Nec eligendi convenire splendide te, id sea facete audiam. In vis ridens sanctus epicurei, ad pro possim eripuit adolescens, ad eos veritus molestie.\nNe aeterno urbanitas eum. Ei laudem animal consequat est, no vis ceteros maluisset neglegentur. Eum natum virtute in, ei consequat liberavisse vis. Eu mea lobortis assueverit, causae platonem eam ei, his cu omnis bonorum interesset. Ex euismod perfecto has, at deserunt sensibus recteque usu. Et simul decore quo, et mea periculis urbanitas, no eam cetero vivendum.\n', 'Author21', 'Editor21', NULL, NULL),
(22, 'Lorem ipsum dolor sit amet22', 'Lorem ipsum dolor sit amet, qui labores accumsan an. Omnes tamquam id ius. Nec eligendi convenire splendide te, id sea facete audiam. In vis ridens sanctus epicurei, ad pro possim eripuit adolescens, ad eos veritus molestie.\nNe aeterno urbanitas eum. Ei laudem animal consequat est, no vis ceteros maluisset neglegentur. Eum natum virtute in, ei consequat liberavisse vis. Eu mea lobortis assueverit, causae platonem eam ei, his cu omnis bonorum interesset. Ex euismod perfecto has, at deserunt sensibus recteque usu. Et simul decore quo, et mea periculis urbanitas, no eam cetero vivendum.\n', 'Author22', 'Editor22', NULL, NULL),
(23, 'Lorem ipsum dolor sit amet23', 'Lorem ipsum dolor sit amet, qui labores accumsan an. Omnes tamquam id ius. Nec eligendi convenire splendide te, id sea facete audiam. In vis ridens sanctus epicurei, ad pro possim eripuit adolescens, ad eos veritus molestie.\nNe aeterno urbanitas eum. Ei laudem animal consequat est, no vis ceteros maluisset neglegentur. Eum natum virtute in, ei consequat liberavisse vis. Eu mea lobortis assueverit, causae platonem eam ei, his cu omnis bonorum interesset. Ex euismod perfecto has, at deserunt sensibus recteque usu. Et simul decore quo, et mea periculis urbanitas, no eam cetero vivendum.\n', 'Author23', 'Editor23', NULL, NULL),
(24, 'Lorem ipsum dolor sit amet24', 'Lorem ipsum dolor sit amet, qui labores accumsan an. Omnes tamquam id ius. Nec eligendi convenire splendide te, id sea facete audiam. In vis ridens sanctus epicurei, ad pro possim eripuit adolescens, ad eos veritus molestie.\nNe aeterno urbanitas eum. Ei laudem animal consequat est, no vis ceteros maluisset neglegentur. Eum natum virtute in, ei consequat liberavisse vis. Eu mea lobortis assueverit, causae platonem eam ei, his cu omnis bonorum interesset. Ex euismod perfecto has, at deserunt sensibus recteque usu. Et simul decore quo, et mea periculis urbanitas, no eam cetero vivendum.\n', 'Author24', 'Editor24', NULL, NULL),
(25, 'Lorem ipsum dolor sit amet25', 'Lorem ipsum dolor sit amet, qui labores accumsan an. Omnes tamquam id ius. Nec eligendi convenire splendide te, id sea facete audiam. In vis ridens sanctus epicurei, ad pro possim eripuit adolescens, ad eos veritus molestie.\nNe aeterno urbanitas eum. Ei laudem animal consequat est, no vis ceteros maluisset neglegentur. Eum natum virtute in, ei consequat liberavisse vis. Eu mea lobortis assueverit, causae platonem eam ei, his cu omnis bonorum interesset. Ex euismod perfecto has, at deserunt sensibus recteque usu. Et simul decore quo, et mea periculis urbanitas, no eam cetero vivendum.\n', 'Author25', 'Editor25', NULL, NULL),
(26, 'Lorem ipsum dolor sit amet26', 'Lorem ipsum dolor sit amet, qui labores accumsan an. Omnes tamquam id ius. Nec eligendi convenire splendide te, id sea facete audiam. In vis ridens sanctus epicurei, ad pro possim eripuit adolescens, ad eos veritus molestie.\nNe aeterno urbanitas eum. Ei laudem animal consequat est, no vis ceteros maluisset neglegentur. Eum natum virtute in, ei consequat liberavisse vis. Eu mea lobortis assueverit, causae platonem eam ei, his cu omnis bonorum interesset. Ex euismod perfecto has, at deserunt sensibus recteque usu. Et simul decore quo, et mea periculis urbanitas, no eam cetero vivendum.\n', 'Author26', 'Editor26', NULL, NULL),
(27, 'Lorem ipsum dolor sit amet27', 'Lorem ipsum dolor sit amet, qui labores accumsan an. Omnes tamquam id ius. Nec eligendi convenire splendide te, id sea facete audiam. In vis ridens sanctus epicurei, ad pro possim eripuit adolescens, ad eos veritus molestie.\nNe aeterno urbanitas eum. Ei laudem animal consequat est, no vis ceteros maluisset neglegentur. Eum natum virtute in, ei consequat liberavisse vis. Eu mea lobortis assueverit, causae platonem eam ei, his cu omnis bonorum interesset. Ex euismod perfecto has, at deserunt sensibus recteque usu. Et simul decore quo, et mea periculis urbanitas, no eam cetero vivendum.\n', 'Author27', 'Editor27', NULL, NULL),
(28, 'Lorem ipsum dolor sit amet28', 'Lorem ipsum dolor sit amet, qui labores accumsan an. Omnes tamquam id ius. Nec eligendi convenire splendide te, id sea facete audiam. In vis ridens sanctus epicurei, ad pro possim eripuit adolescens, ad eos veritus molestie.\nNe aeterno urbanitas eum. Ei laudem animal consequat est, no vis ceteros maluisset neglegentur. Eum natum virtute in, ei consequat liberavisse vis. Eu mea lobortis assueverit, causae platonem eam ei, his cu omnis bonorum interesset. Ex euismod perfecto has, at deserunt sensibus recteque usu. Et simul decore quo, et mea periculis urbanitas, no eam cetero vivendum.\n', 'Author28', 'Editor28', NULL, NULL),
(29, 'Lorem ipsum dolor sit amet29', 'Lorem ipsum dolor sit amet, qui labores accumsan an. Omnes tamquam id ius. Nec eligendi convenire splendide te, id sea facete audiam. In vis ridens sanctus epicurei, ad pro possim eripuit adolescens, ad eos veritus molestie.\nNe aeterno urbanitas eum. Ei laudem animal consequat est, no vis ceteros maluisset neglegentur. Eum natum virtute in, ei consequat liberavisse vis. Eu mea lobortis assueverit, causae platonem eam ei, his cu omnis bonorum interesset. Ex euismod perfecto has, at deserunt sensibus recteque usu. Et simul decore quo, et mea periculis urbanitas, no eam cetero vivendum.\n', 'Author29', 'Editor29', NULL, NULL),
(30, 'Lorem ipsum dolor sit amet30', 'Lorem ipsum dolor sit amet, qui labores accumsan an. Omnes tamquam id ius. Nec eligendi convenire splendide te, id sea facete audiam. In vis ridens sanctus epicurei, ad pro possim eripuit adolescens, ad eos veritus molestie.\nNe aeterno urbanitas eum. Ei laudem animal consequat est, no vis ceteros maluisset neglegentur. Eum natum virtute in, ei consequat liberavisse vis. Eu mea lobortis assueverit, causae platonem eam ei, his cu omnis bonorum interesset. Ex euismod perfecto has, at deserunt sensibus recteque usu. Et simul decore quo, et mea periculis urbanitas, no eam cetero vivendum.\n', 'Author30', 'Editor30', NULL, NULL),
(31, 'Lorem ipsum dolor sit amet31', 'Lorem ipsum dolor sit amet, qui labores accumsan an. Omnes tamquam id ius. Nec eligendi convenire splendide te, id sea facete audiam. In vis ridens sanctus epicurei, ad pro possim eripuit adolescens, ad eos veritus molestie.\nNe aeterno urbanitas eum. Ei laudem animal consequat est, no vis ceteros maluisset neglegentur. Eum natum virtute in, ei consequat liberavisse vis. Eu mea lobortis assueverit, causae platonem eam ei, his cu omnis bonorum interesset. Ex euismod perfecto has, at deserunt sensibus recteque usu. Et simul decore quo, et mea periculis urbanitas, no eam cetero vivendum.\n', 'Author31', 'Editor31', NULL, NULL),
(32, 'Lorem ipsum dolor sit amet32', 'Lorem ipsum dolor sit amet, qui labores accumsan an. Omnes tamquam id ius. Nec eligendi convenire splendide te, id sea facete audiam. In vis ridens sanctus epicurei, ad pro possim eripuit adolescens, ad eos veritus molestie.\nNe aeterno urbanitas eum. Ei laudem animal consequat est, no vis ceteros maluisset neglegentur. Eum natum virtute in, ei consequat liberavisse vis. Eu mea lobortis assueverit, causae platonem eam ei, his cu omnis bonorum interesset. Ex euismod perfecto has, at deserunt sensibus recteque usu. Et simul decore quo, et mea periculis urbanitas, no eam cetero vivendum.\n', 'Author32', 'Editor32', NULL, NULL),
(33, 'Lorem ipsum dolor sit amet33', 'Lorem ipsum dolor sit amet, qui labores accumsan an. Omnes tamquam id ius. Nec eligendi convenire splendide te, id sea facete audiam. In vis ridens sanctus epicurei, ad pro possim eripuit adolescens, ad eos veritus molestie.\nNe aeterno urbanitas eum. Ei laudem animal consequat est, no vis ceteros maluisset neglegentur. Eum natum virtute in, ei consequat liberavisse vis. Eu mea lobortis assueverit, causae platonem eam ei, his cu omnis bonorum interesset. Ex euismod perfecto has, at deserunt sensibus recteque usu. Et simul decore quo, et mea periculis urbanitas, no eam cetero vivendum.\n', 'Author33', 'Editor33', NULL, NULL),
(34, 'Lorem ipsum dolor sit amet34', 'Lorem ipsum dolor sit amet, qui labores accumsan an. Omnes tamquam id ius. Nec eligendi convenire splendide te, id sea facete audiam. In vis ridens sanctus epicurei, ad pro possim eripuit adolescens, ad eos veritus molestie.\nNe aeterno urbanitas eum. Ei laudem animal consequat est, no vis ceteros maluisset neglegentur. Eum natum virtute in, ei consequat liberavisse vis. Eu mea lobortis assueverit, causae platonem eam ei, his cu omnis bonorum interesset. Ex euismod perfecto has, at deserunt sensibus recteque usu. Et simul decore quo, et mea periculis urbanitas, no eam cetero vivendum.\n', 'Author34', 'Editor34', NULL, NULL),
(35, 'Lorem ipsum dolor sit amet35', 'Lorem ipsum dolor sit amet, qui labores accumsan an. Omnes tamquam id ius. Nec eligendi convenire splendide te, id sea facete audiam. In vis ridens sanctus epicurei, ad pro possim eripuit adolescens, ad eos veritus molestie.\nNe aeterno urbanitas eum. Ei laudem animal consequat est, no vis ceteros maluisset neglegentur. Eum natum virtute in, ei consequat liberavisse vis. Eu mea lobortis assueverit, causae platonem eam ei, his cu omnis bonorum interesset. Ex euismod perfecto has, at deserunt sensibus recteque usu. Et simul decore quo, et mea periculis urbanitas, no eam cetero vivendum.\n', 'Author35', 'Editor35', NULL, NULL),
(36, 'Lorem ipsum dolor sit amet36', 'Lorem ipsum dolor sit amet, qui labores accumsan an. Omnes tamquam id ius. Nec eligendi convenire splendide te, id sea facete audiam. In vis ridens sanctus epicurei, ad pro possim eripuit adolescens, ad eos veritus molestie.\nNe aeterno urbanitas eum. Ei laudem animal consequat est, no vis ceteros maluisset neglegentur. Eum natum virtute in, ei consequat liberavisse vis. Eu mea lobortis assueverit, causae platonem eam ei, his cu omnis bonorum interesset. Ex euismod perfecto has, at deserunt sensibus recteque usu. Et simul decore quo, et mea periculis urbanitas, no eam cetero vivendum.\n', 'Author36', 'Editor36', NULL, NULL),
(37, 'Lorem ipsum dolor sit amet37', 'Lorem ipsum dolor sit amet, qui labores accumsan an. Omnes tamquam id ius. Nec eligendi convenire splendide te, id sea facete audiam. In vis ridens sanctus epicurei, ad pro possim eripuit adolescens, ad eos veritus molestie.\nNe aeterno urbanitas eum. Ei laudem animal consequat est, no vis ceteros maluisset neglegentur. Eum natum virtute in, ei consequat liberavisse vis. Eu mea lobortis assueverit, causae platonem eam ei, his cu omnis bonorum interesset. Ex euismod perfecto has, at deserunt sensibus recteque usu. Et simul decore quo, et mea periculis urbanitas, no eam cetero vivendum.\n', 'Author37', 'Editor37', NULL, NULL),
(38, 'Lorem ipsum dolor sit amet38', 'Lorem ipsum dolor sit amet, qui labores accumsan an. Omnes tamquam id ius. Nec eligendi convenire splendide te, id sea facete audiam. In vis ridens sanctus epicurei, ad pro possim eripuit adolescens, ad eos veritus molestie.\nNe aeterno urbanitas eum. Ei laudem animal consequat est, no vis ceteros maluisset neglegentur. Eum natum virtute in, ei consequat liberavisse vis. Eu mea lobortis assueverit, causae platonem eam ei, his cu omnis bonorum interesset. Ex euismod perfecto has, at deserunt sensibus recteque usu. Et simul decore quo, et mea periculis urbanitas, no eam cetero vivendum.\n', 'Author38', 'Editor38', NULL, NULL),
(39, 'Lorem ipsum dolor sit amet39', 'Lorem ipsum dolor sit amet, qui labores accumsan an. Omnes tamquam id ius. Nec eligendi convenire splendide te, id sea facete audiam. In vis ridens sanctus epicurei, ad pro possim eripuit adolescens, ad eos veritus molestie.\nNe aeterno urbanitas eum. Ei laudem animal consequat est, no vis ceteros maluisset neglegentur. Eum natum virtute in, ei consequat liberavisse vis. Eu mea lobortis assueverit, causae platonem eam ei, his cu omnis bonorum interesset. Ex euismod perfecto has, at deserunt sensibus recteque usu. Et simul decore quo, et mea periculis urbanitas, no eam cetero vivendum.\n', 'Author39', 'Editor39', NULL, NULL),
(40, 'Lorem ipsum dolor sit amet40', 'Lorem ipsum dolor sit amet, qui labores accumsan an. Omnes tamquam id ius. Nec eligendi convenire splendide te, id sea facete audiam. In vis ridens sanctus epicurei, ad pro possim eripuit adolescens, ad eos veritus molestie.\nNe aeterno urbanitas eum. Ei laudem animal consequat est, no vis ceteros maluisset neglegentur. Eum natum virtute in, ei consequat liberavisse vis. Eu mea lobortis assueverit, causae platonem eam ei, his cu omnis bonorum interesset. Ex euismod perfecto has, at deserunt sensibus recteque usu. Et simul decore quo, et mea periculis urbanitas, no eam cetero vivendum.\n', 'Author40', 'Editor40', NULL, NULL),
(41, 'Lorem ipsum dolor sit amet41', 'Lorem ipsum dolor sit amet, qui labores accumsan an. Omnes tamquam id ius. Nec eligendi convenire splendide te, id sea facete audiam. In vis ridens sanctus epicurei, ad pro possim eripuit adolescens, ad eos veritus molestie.\nNe aeterno urbanitas eum. Ei laudem animal consequat est, no vis ceteros maluisset neglegentur. Eum natum virtute in, ei consequat liberavisse vis. Eu mea lobortis assueverit, causae platonem eam ei, his cu omnis bonorum interesset. Ex euismod perfecto has, at deserunt sensibus recteque usu. Et simul decore quo, et mea periculis urbanitas, no eam cetero vivendum.\n', 'Author41', 'Editor41', NULL, NULL),
(42, 'Lorem ipsum dolor sit amet42', 'Lorem ipsum dolor sit amet, qui labores accumsan an. Omnes tamquam id ius. Nec eligendi convenire splendide te, id sea facete audiam. In vis ridens sanctus epicurei, ad pro possim eripuit adolescens, ad eos veritus molestie.\nNe aeterno urbanitas eum. Ei laudem animal consequat est, no vis ceteros maluisset neglegentur. Eum natum virtute in, ei consequat liberavisse vis. Eu mea lobortis assueverit, causae platonem eam ei, his cu omnis bonorum interesset. Ex euismod perfecto has, at deserunt sensibus recteque usu. Et simul decore quo, et mea periculis urbanitas, no eam cetero vivendum.\n', 'Author42', 'Editor42', NULL, NULL),
(43, 'Lorem ipsum dolor sit amet43', 'Lorem ipsum dolor sit amet, qui labores accumsan an. Omnes tamquam id ius. Nec eligendi convenire splendide te, id sea facete audiam. In vis ridens sanctus epicurei, ad pro possim eripuit adolescens, ad eos veritus molestie.\nNe aeterno urbanitas eum. Ei laudem animal consequat est, no vis ceteros maluisset neglegentur. Eum natum virtute in, ei consequat liberavisse vis. Eu mea lobortis assueverit, causae platonem eam ei, his cu omnis bonorum interesset. Ex euismod perfecto has, at deserunt sensibus recteque usu. Et simul decore quo, et mea periculis urbanitas, no eam cetero vivendum.\n', 'Author43', 'Editor43', NULL, NULL),
(44, 'Lorem ipsum dolor sit amet44', 'Lorem ipsum dolor sit amet, qui labores accumsan an. Omnes tamquam id ius. Nec eligendi convenire splendide te, id sea facete audiam. In vis ridens sanctus epicurei, ad pro possim eripuit adolescens, ad eos veritus molestie.\nNe aeterno urbanitas eum. Ei laudem animal consequat est, no vis ceteros maluisset neglegentur. Eum natum virtute in, ei consequat liberavisse vis. Eu mea lobortis assueverit, causae platonem eam ei, his cu omnis bonorum interesset. Ex euismod perfecto has, at deserunt sensibus recteque usu. Et simul decore quo, et mea periculis urbanitas, no eam cetero vivendum.\n', 'Author44', 'Editor44', NULL, NULL),
(45, 'Lorem ipsum dolor sit amet45', 'Lorem ipsum dolor sit amet, qui labores accumsan an. Omnes tamquam id ius. Nec eligendi convenire splendide te, id sea facete audiam. In vis ridens sanctus epicurei, ad pro possim eripuit adolescens, ad eos veritus molestie.\nNe aeterno urbanitas eum. Ei laudem animal consequat est, no vis ceteros maluisset neglegentur. Eum natum virtute in, ei consequat liberavisse vis. Eu mea lobortis assueverit, causae platonem eam ei, his cu omnis bonorum interesset. Ex euismod perfecto has, at deserunt sensibus recteque usu. Et simul decore quo, et mea periculis urbanitas, no eam cetero vivendum.\n', 'Author45', 'Editor45', NULL, NULL),
(46, 'Lorem ipsum dolor sit amet46', 'Lorem ipsum dolor sit amet, qui labores accumsan an. Omnes tamquam id ius. Nec eligendi convenire splendide te, id sea facete audiam. In vis ridens sanctus epicurei, ad pro possim eripuit adolescens, ad eos veritus molestie.\nNe aeterno urbanitas eum. Ei laudem animal consequat est, no vis ceteros maluisset neglegentur. Eum natum virtute in, ei consequat liberavisse vis. Eu mea lobortis assueverit, causae platonem eam ei, his cu omnis bonorum interesset. Ex euismod perfecto has, at deserunt sensibus recteque usu. Et simul decore quo, et mea periculis urbanitas, no eam cetero vivendum.\n', 'Author46', 'Editor46', NULL, NULL),
(47, 'Lorem ipsum dolor sit amet47', 'Lorem ipsum dolor sit amet, qui labores accumsan an. Omnes tamquam id ius. Nec eligendi convenire splendide te, id sea facete audiam. In vis ridens sanctus epicurei, ad pro possim eripuit adolescens, ad eos veritus molestie.\nNe aeterno urbanitas eum. Ei laudem animal consequat est, no vis ceteros maluisset neglegentur. Eum natum virtute in, ei consequat liberavisse vis. Eu mea lobortis assueverit, causae platonem eam ei, his cu omnis bonorum interesset. Ex euismod perfecto has, at deserunt sensibus recteque usu. Et simul decore quo, et mea periculis urbanitas, no eam cetero vivendum.\n', 'Author47', 'Editor47', NULL, NULL),
(48, 'Lorem ipsum dolor sit amet48', 'Lorem ipsum dolor sit amet, qui labores accumsan an. Omnes tamquam id ius. Nec eligendi convenire splendide te, id sea facete audiam. In vis ridens sanctus epicurei, ad pro possim eripuit adolescens, ad eos veritus molestie.\nNe aeterno urbanitas eum. Ei laudem animal consequat est, no vis ceteros maluisset neglegentur. Eum natum virtute in, ei consequat liberavisse vis. Eu mea lobortis assueverit, causae platonem eam ei, his cu omnis bonorum interesset. Ex euismod perfecto has, at deserunt sensibus recteque usu. Et simul decore quo, et mea periculis urbanitas, no eam cetero vivendum.\n', 'Author48', 'Editor48', NULL, NULL),
(49, 'Lorem ipsum dolor sit amet49', 'Lorem ipsum dolor sit amet, qui labores accumsan an. Omnes tamquam id ius. Nec eligendi convenire splendide te, id sea facete audiam. In vis ridens sanctus epicurei, ad pro possim eripuit adolescens, ad eos veritus molestie.\nNe aeterno urbanitas eum. Ei laudem animal consequat est, no vis ceteros maluisset neglegentur. Eum natum virtute in, ei consequat liberavisse vis. Eu mea lobortis assueverit, causae platonem eam ei, his cu omnis bonorum interesset. Ex euismod perfecto has, at deserunt sensibus recteque usu. Et simul decore quo, et mea periculis urbanitas, no eam cetero vivendum.\n', 'Author49', 'Editor49', NULL, NULL),
(50, 'Lorem ipsum dolor sit amet50', 'Lorem ipsum dolor sit amet, qui labores accumsan an. Omnes tamquam id ius. Nec eligendi convenire splendide te, id sea facete audiam. In vis ridens sanctus epicurei, ad pro possim eripuit adolescens, ad eos veritus molestie.\nNe aeterno urbanitas eum. Ei laudem animal consequat est, no vis ceteros maluisset neglegentur. Eum natum virtute in, ei consequat liberavisse vis. Eu mea lobortis assueverit, causae platonem eam ei, his cu omnis bonorum interesset. Ex euismod perfecto has, at deserunt sensibus recteque usu. Et simul decore quo, et mea periculis urbanitas, no eam cetero vivendum.\n', 'Author50', 'Editor50', NULL, NULL),
(51, 'Lorem ipsum dolor sit amet51', 'Lorem ipsum dolor sit amet, qui labores accumsan an. Omnes tamquam id ius. Nec eligendi convenire splendide te, id sea facete audiam. In vis ridens sanctus epicurei, ad pro possim eripuit adolescens, ad eos veritus molestie.\nNe aeterno urbanitas eum. Ei laudem animal consequat est, no vis ceteros maluisset neglegentur. Eum natum virtute in, ei consequat liberavisse vis. Eu mea lobortis assueverit, causae platonem eam ei, his cu omnis bonorum interesset. Ex euismod perfecto has, at deserunt sensibus recteque usu. Et simul decore quo, et mea periculis urbanitas, no eam cetero vivendum.\n', 'Author51', 'Editor51', NULL, NULL),
(52, 'Lorem ipsum dolor sit amet52', 'Lorem ipsum dolor sit amet, qui labores accumsan an. Omnes tamquam id ius. Nec eligendi convenire splendide te, id sea facete audiam. In vis ridens sanctus epicurei, ad pro possim eripuit adolescens, ad eos veritus molestie.\nNe aeterno urbanitas eum. Ei laudem animal consequat est, no vis ceteros maluisset neglegentur. Eum natum virtute in, ei consequat liberavisse vis. Eu mea lobortis assueverit, causae platonem eam ei, his cu omnis bonorum interesset. Ex euismod perfecto has, at deserunt sensibus recteque usu. Et simul decore quo, et mea periculis urbanitas, no eam cetero vivendum.\n', 'Author52', 'Editor52', NULL, NULL),
(53, 'Lorem ipsum dolor sit amet53', 'Lorem ipsum dolor sit amet, qui labores accumsan an. Omnes tamquam id ius. Nec eligendi convenire splendide te, id sea facete audiam. In vis ridens sanctus epicurei, ad pro possim eripuit adolescens, ad eos veritus molestie.\nNe aeterno urbanitas eum. Ei laudem animal consequat est, no vis ceteros maluisset neglegentur. Eum natum virtute in, ei consequat liberavisse vis. Eu mea lobortis assueverit, causae platonem eam ei, his cu omnis bonorum interesset. Ex euismod perfecto has, at deserunt sensibus recteque usu. Et simul decore quo, et mea periculis urbanitas, no eam cetero vivendum.\n', 'Author53', 'Editor53', NULL, NULL),
(54, 'Lorem ipsum dolor sit amet54', 'Lorem ipsum dolor sit amet, qui labores accumsan an. Omnes tamquam id ius. Nec eligendi convenire splendide te, id sea facete audiam. In vis ridens sanctus epicurei, ad pro possim eripuit adolescens, ad eos veritus molestie.\nNe aeterno urbanitas eum. Ei laudem animal consequat est, no vis ceteros maluisset neglegentur. Eum natum virtute in, ei consequat liberavisse vis. Eu mea lobortis assueverit, causae platonem eam ei, his cu omnis bonorum interesset. Ex euismod perfecto has, at deserunt sensibus recteque usu. Et simul decore quo, et mea periculis urbanitas, no eam cetero vivendum.\n', 'Author54', 'Editor54', NULL, NULL),
(55, 'Lorem ipsum dolor sit amet55', 'Lorem ipsum dolor sit amet, qui labores accumsan an. Omnes tamquam id ius. Nec eligendi convenire splendide te, id sea facete audiam. In vis ridens sanctus epicurei, ad pro possim eripuit adolescens, ad eos veritus molestie.\nNe aeterno urbanitas eum. Ei laudem animal consequat est, no vis ceteros maluisset neglegentur. Eum natum virtute in, ei consequat liberavisse vis. Eu mea lobortis assueverit, causae platonem eam ei, his cu omnis bonorum interesset. Ex euismod perfecto has, at deserunt sensibus recteque usu. Et simul decore quo, et mea periculis urbanitas, no eam cetero vivendum.\n', 'Author55', 'Editor55', NULL, NULL),
(56, 'Lorem ipsum dolor sit amet56', 'Lorem ipsum dolor sit amet, qui labores accumsan an. Omnes tamquam id ius. Nec eligendi convenire splendide te, id sea facete audiam. In vis ridens sanctus epicurei, ad pro possim eripuit adolescens, ad eos veritus molestie.\nNe aeterno urbanitas eum. Ei laudem animal consequat est, no vis ceteros maluisset neglegentur. Eum natum virtute in, ei consequat liberavisse vis. Eu mea lobortis assueverit, causae platonem eam ei, his cu omnis bonorum interesset. Ex euismod perfecto has, at deserunt sensibus recteque usu. Et simul decore quo, et mea periculis urbanitas, no eam cetero vivendum.\n', 'Author56', 'Editor56', NULL, NULL),
(57, 'Lorem ipsum dolor sit amet57', 'Lorem ipsum dolor sit amet, qui labores accumsan an. Omnes tamquam id ius. Nec eligendi convenire splendide te, id sea facete audiam. In vis ridens sanctus epicurei, ad pro possim eripuit adolescens, ad eos veritus molestie.\nNe aeterno urbanitas eum. Ei laudem animal consequat est, no vis ceteros maluisset neglegentur. Eum natum virtute in, ei consequat liberavisse vis. Eu mea lobortis assueverit, causae platonem eam ei, his cu omnis bonorum interesset. Ex euismod perfecto has, at deserunt sensibus recteque usu. Et simul decore quo, et mea periculis urbanitas, no eam cetero vivendum.\n', 'Author57', 'Editor57', NULL, NULL),
(58, 'Lorem ipsum dolor sit amet58', 'Lorem ipsum dolor sit amet, qui labores accumsan an. Omnes tamquam id ius. Nec eligendi convenire splendide te, id sea facete audiam. In vis ridens sanctus epicurei, ad pro possim eripuit adolescens, ad eos veritus molestie.\nNe aeterno urbanitas eum. Ei laudem animal consequat est, no vis ceteros maluisset neglegentur. Eum natum virtute in, ei consequat liberavisse vis. Eu mea lobortis assueverit, causae platonem eam ei, his cu omnis bonorum interesset. Ex euismod perfecto has, at deserunt sensibus recteque usu. Et simul decore quo, et mea periculis urbanitas, no eam cetero vivendum.\n', 'Author58', 'Editor58', NULL, NULL),
(59, 'Lorem ipsum dolor sit amet59', 'Lorem ipsum dolor sit amet, qui labores accumsan an. Omnes tamquam id ius. Nec eligendi convenire splendide te, id sea facete audiam. In vis ridens sanctus epicurei, ad pro possim eripuit adolescens, ad eos veritus molestie.\nNe aeterno urbanitas eum. Ei laudem animal consequat est, no vis ceteros maluisset neglegentur. Eum natum virtute in, ei consequat liberavisse vis. Eu mea lobortis assueverit, causae platonem eam ei, his cu omnis bonorum interesset. Ex euismod perfecto has, at deserunt sensibus recteque usu. Et simul decore quo, et mea periculis urbanitas, no eam cetero vivendum.\n', 'Author59', 'Editor59', NULL, NULL),
(60, 'Lorem ipsum dolor sit amet60', 'Lorem ipsum dolor sit amet, qui labores accumsan an. Omnes tamquam id ius. Nec eligendi convenire splendide te, id sea facete audiam. In vis ridens sanctus epicurei, ad pro possim eripuit adolescens, ad eos veritus molestie.\nNe aeterno urbanitas eum. Ei laudem animal consequat est, no vis ceteros maluisset neglegentur. Eum natum virtute in, ei consequat liberavisse vis. Eu mea lobortis assueverit, causae platonem eam ei, his cu omnis bonorum interesset. Ex euismod perfecto has, at deserunt sensibus recteque usu. Et simul decore quo, et mea periculis urbanitas, no eam cetero vivendum.\n', 'Author60', 'Editor60', NULL, NULL),
(61, 'Lorem ipsum dolor sit amet61', 'Lorem ipsum dolor sit amet, qui labores accumsan an. Omnes tamquam id ius. Nec eligendi convenire splendide te, id sea facete audiam. In vis ridens sanctus epicurei, ad pro possim eripuit adolescens, ad eos veritus molestie.\nNe aeterno urbanitas eum. Ei laudem animal consequat est, no vis ceteros maluisset neglegentur. Eum natum virtute in, ei consequat liberavisse vis. Eu mea lobortis assueverit, causae platonem eam ei, his cu omnis bonorum interesset. Ex euismod perfecto has, at deserunt sensibus recteque usu. Et simul decore quo, et mea periculis urbanitas, no eam cetero vivendum.\n', 'Author61', 'Editor61', NULL, NULL),
(62, 'Lorem ipsum dolor sit amet62', 'Lorem ipsum dolor sit amet, qui labores accumsan an. Omnes tamquam id ius. Nec eligendi convenire splendide te, id sea facete audiam. In vis ridens sanctus epicurei, ad pro possim eripuit adolescens, ad eos veritus molestie.\nNe aeterno urbanitas eum. Ei laudem animal consequat est, no vis ceteros maluisset neglegentur. Eum natum virtute in, ei consequat liberavisse vis. Eu mea lobortis assueverit, causae platonem eam ei, his cu omnis bonorum interesset. Ex euismod perfecto has, at deserunt sensibus recteque usu. Et simul decore quo, et mea periculis urbanitas, no eam cetero vivendum.\n', 'Author62', 'Editor62', NULL, NULL),
(63, 'Lorem ipsum dolor sit amet63', 'Lorem ipsum dolor sit amet, qui labores accumsan an. Omnes tamquam id ius. Nec eligendi convenire splendide te, id sea facete audiam. In vis ridens sanctus epicurei, ad pro possim eripuit adolescens, ad eos veritus molestie.\nNe aeterno urbanitas eum. Ei laudem animal consequat est, no vis ceteros maluisset neglegentur. Eum natum virtute in, ei consequat liberavisse vis. Eu mea lobortis assueverit, causae platonem eam ei, his cu omnis bonorum interesset. Ex euismod perfecto has, at deserunt sensibus recteque usu. Et simul decore quo, et mea periculis urbanitas, no eam cetero vivendum.\n', 'Author63', 'Editor63', NULL, NULL),
(64, 'Lorem ipsum dolor sit amet1', 'Lorem ipsum dolor sit amet, qui labores accumsan an. Omnes tamquam id ius. Nec eligendi convenire splendide te, id sea facete audiam. In vis ridens sanctus epicurei, ad pro possim eripuit adolescens, ad eos veritus molestie.\nNe aeterno urbanitas eum. Ei laudem animal consequat est, no vis ceteros maluisset neglegentur. Eum natum virtute in, ei consequat liberavisse vis. Eu mea lobortis assueverit, causae platonem eam ei, his cu omnis bonorum interesset. Ex euismod perfecto has, at deserunt sensibus recteque usu. Et simul decore quo, et mea periculis urbanitas, no eam cetero vivendum.\n', 'Author1', 'Editor1', NULL, NULL),
(65, 'Lorem ipsum dolor sit amet2', 'Lorem ipsum dolor sit amet, qui labores accumsan an. Omnes tamquam id ius. Nec eligendi convenire splendide te, id sea facete audiam. In vis ridens sanctus epicurei, ad pro possim eripuit adolescens, ad eos veritus molestie.\nNe aeterno urbanitas eum. Ei laudem animal consequat est, no vis ceteros maluisset neglegentur. Eum natum virtute in, ei consequat liberavisse vis. Eu mea lobortis assueverit, causae platonem eam ei, his cu omnis bonorum interesset. Ex euismod perfecto has, at deserunt sensibus recteque usu. Et simul decore quo, et mea periculis urbanitas, no eam cetero vivendum.\n', 'Author2', 'Editor2', NULL, NULL),
(66, 'Lorem ipsum dolor sit amet3', 'Lorem ipsum dolor sit amet, qui labores accumsan an. Omnes tamquam id ius. Nec eligendi convenire splendide te, id sea facete audiam. In vis ridens sanctus epicurei, ad pro possim eripuit adolescens, ad eos veritus molestie.\nNe aeterno urbanitas eum. Ei laudem animal consequat est, no vis ceteros maluisset neglegentur. Eum natum virtute in, ei consequat liberavisse vis. Eu mea lobortis assueverit, causae platonem eam ei, his cu omnis bonorum interesset. Ex euismod perfecto has, at deserunt sensibus recteque usu. Et simul decore quo, et mea periculis urbanitas, no eam cetero vivendum.\n', 'Author3', 'Editor3', NULL, NULL),
(67, 'Lorem ipsum dolor sit amet4', 'Lorem ipsum dolor sit amet, qui labores accumsan an. Omnes tamquam id ius. Nec eligendi convenire splendide te, id sea facete audiam. In vis ridens sanctus epicurei, ad pro possim eripuit adolescens, ad eos veritus molestie.\nNe aeterno urbanitas eum. Ei laudem animal consequat est, no vis ceteros maluisset neglegentur. Eum natum virtute in, ei consequat liberavisse vis. Eu mea lobortis assueverit, causae platonem eam ei, his cu omnis bonorum interesset. Ex euismod perfecto has, at deserunt sensibus recteque usu. Et simul decore quo, et mea periculis urbanitas, no eam cetero vivendum.\n', 'Author4', 'Editor4', NULL, NULL),
(68, 'Lorem ipsum dolor sit amet5', 'Lorem ipsum dolor sit amet, qui labores accumsan an. Omnes tamquam id ius. Nec eligendi convenire splendide te, id sea facete audiam. In vis ridens sanctus epicurei, ad pro possim eripuit adolescens, ad eos veritus molestie.\nNe aeterno urbanitas eum. Ei laudem animal consequat est, no vis ceteros maluisset neglegentur. Eum natum virtute in, ei consequat liberavisse vis. Eu mea lobortis assueverit, causae platonem eam ei, his cu omnis bonorum interesset. Ex euismod perfecto has, at deserunt sensibus recteque usu. Et simul decore quo, et mea periculis urbanitas, no eam cetero vivendum.\n', 'Author5', 'Editor5', NULL, NULL),
(69, 'Lorem ipsum dolor sit amet6', 'Lorem ipsum dolor sit amet, qui labores accumsan an. Omnes tamquam id ius. Nec eligendi convenire splendide te, id sea facete audiam. In vis ridens sanctus epicurei, ad pro possim eripuit adolescens, ad eos veritus molestie.\nNe aeterno urbanitas eum. Ei laudem animal consequat est, no vis ceteros maluisset neglegentur. Eum natum virtute in, ei consequat liberavisse vis. Eu mea lobortis assueverit, causae platonem eam ei, his cu omnis bonorum interesset. Ex euismod perfecto has, at deserunt sensibus recteque usu. Et simul decore quo, et mea periculis urbanitas, no eam cetero vivendum.\n', 'Author6', 'Editor6', NULL, NULL),
(70, 'Lorem ipsum dolor sit amet7', 'Lorem ipsum dolor sit amet, qui labores accumsan an. Omnes tamquam id ius. Nec eligendi convenire splendide te, id sea facete audiam. In vis ridens sanctus epicurei, ad pro possim eripuit adolescens, ad eos veritus molestie.\nNe aeterno urbanitas eum. Ei laudem animal consequat est, no vis ceteros maluisset neglegentur. Eum natum virtute in, ei consequat liberavisse vis. Eu mea lobortis assueverit, causae platonem eam ei, his cu omnis bonorum interesset. Ex euismod perfecto has, at deserunt sensibus recteque usu. Et simul decore quo, et mea periculis urbanitas, no eam cetero vivendum.\n', 'Author7', 'Editor7', NULL, NULL),
(71, 'Lorem ipsum dolor sit amet8', 'Lorem ipsum dolor sit amet, qui labores accumsan an. Omnes tamquam id ius. Nec eligendi convenire splendide te, id sea facete audiam. In vis ridens sanctus epicurei, ad pro possim eripuit adolescens, ad eos veritus molestie.\nNe aeterno urbanitas eum. Ei laudem animal consequat est, no vis ceteros maluisset neglegentur. Eum natum virtute in, ei consequat liberavisse vis. Eu mea lobortis assueverit, causae platonem eam ei, his cu omnis bonorum interesset. Ex euismod perfecto has, at deserunt sensibus recteque usu. Et simul decore quo, et mea periculis urbanitas, no eam cetero vivendum.\n', 'Author8', 'Editor8', NULL, NULL),
(72, 'Lorem ipsum dolor sit amet9', 'Lorem ipsum dolor sit amet, qui labores accumsan an. Omnes tamquam id ius. Nec eligendi convenire splendide te, id sea facete audiam. In vis ridens sanctus epicurei, ad pro possim eripuit adolescens, ad eos veritus molestie.\nNe aeterno urbanitas eum. Ei laudem animal consequat est, no vis ceteros maluisset neglegentur. Eum natum virtute in, ei consequat liberavisse vis. Eu mea lobortis assueverit, causae platonem eam ei, his cu omnis bonorum interesset. Ex euismod perfecto has, at deserunt sensibus recteque usu. Et simul decore quo, et mea periculis urbanitas, no eam cetero vivendum.\n', 'Author9', 'Editor9', NULL, NULL),
(73, 'Lorem ipsum dolor sit amet10', 'Lorem ipsum dolor sit amet, qui labores accumsan an. Omnes tamquam id ius. Nec eligendi convenire splendide te, id sea facete audiam. In vis ridens sanctus epicurei, ad pro possim eripuit adolescens, ad eos veritus molestie.\nNe aeterno urbanitas eum. Ei laudem animal consequat est, no vis ceteros maluisset neglegentur. Eum natum virtute in, ei consequat liberavisse vis. Eu mea lobortis assueverit, causae platonem eam ei, his cu omnis bonorum interesset. Ex euismod perfecto has, at deserunt sensibus recteque usu. Et simul decore quo, et mea periculis urbanitas, no eam cetero vivendum.\n', 'Author10', 'Editor10', NULL, NULL),
(74, 'Lorem ipsum dolor sit amet11', 'Lorem ipsum dolor sit amet, qui labores accumsan an. Omnes tamquam id ius. Nec eligendi convenire splendide te, id sea facete audiam. In vis ridens sanctus epicurei, ad pro possim eripuit adolescens, ad eos veritus molestie.\nNe aeterno urbanitas eum. Ei laudem animal consequat est, no vis ceteros maluisset neglegentur. Eum natum virtute in, ei consequat liberavisse vis. Eu mea lobortis assueverit, causae platonem eam ei, his cu omnis bonorum interesset. Ex euismod perfecto has, at deserunt sensibus recteque usu. Et simul decore quo, et mea periculis urbanitas, no eam cetero vivendum.\n', 'Author11', 'Editor11', NULL, NULL);
INSERT INTO `books` (`id`, `title`, `description`, `author`, `editor`, `created_at`, `updated_at`) VALUES
(75, 'Lorem ipsum dolor sit amet12', 'Lorem ipsum dolor sit amet, qui labores accumsan an. Omnes tamquam id ius. Nec eligendi convenire splendide te, id sea facete audiam. In vis ridens sanctus epicurei, ad pro possim eripuit adolescens, ad eos veritus molestie.\nNe aeterno urbanitas eum. Ei laudem animal consequat est, no vis ceteros maluisset neglegentur. Eum natum virtute in, ei consequat liberavisse vis. Eu mea lobortis assueverit, causae platonem eam ei, his cu omnis bonorum interesset. Ex euismod perfecto has, at deserunt sensibus recteque usu. Et simul decore quo, et mea periculis urbanitas, no eam cetero vivendum.\n', 'Author12', 'Editor12', NULL, NULL),
(76, 'Lorem ipsum dolor sit amet13', 'Lorem ipsum dolor sit amet, qui labores accumsan an. Omnes tamquam id ius. Nec eligendi convenire splendide te, id sea facete audiam. In vis ridens sanctus epicurei, ad pro possim eripuit adolescens, ad eos veritus molestie.\nNe aeterno urbanitas eum. Ei laudem animal consequat est, no vis ceteros maluisset neglegentur. Eum natum virtute in, ei consequat liberavisse vis. Eu mea lobortis assueverit, causae platonem eam ei, his cu omnis bonorum interesset. Ex euismod perfecto has, at deserunt sensibus recteque usu. Et simul decore quo, et mea periculis urbanitas, no eam cetero vivendum.\n', 'Author13', 'Editor13', NULL, NULL),
(77, 'Lorem ipsum dolor sit amet14', 'Lorem ipsum dolor sit amet, qui labores accumsan an. Omnes tamquam id ius. Nec eligendi convenire splendide te, id sea facete audiam. In vis ridens sanctus epicurei, ad pro possim eripuit adolescens, ad eos veritus molestie.\nNe aeterno urbanitas eum. Ei laudem animal consequat est, no vis ceteros maluisset neglegentur. Eum natum virtute in, ei consequat liberavisse vis. Eu mea lobortis assueverit, causae platonem eam ei, his cu omnis bonorum interesset. Ex euismod perfecto has, at deserunt sensibus recteque usu. Et simul decore quo, et mea periculis urbanitas, no eam cetero vivendum.\n', 'Author14', 'Editor14', NULL, NULL),
(78, 'Lorem ipsum dolor sit amet15', 'Lorem ipsum dolor sit amet, qui labores accumsan an. Omnes tamquam id ius. Nec eligendi convenire splendide te, id sea facete audiam. In vis ridens sanctus epicurei, ad pro possim eripuit adolescens, ad eos veritus molestie.\nNe aeterno urbanitas eum. Ei laudem animal consequat est, no vis ceteros maluisset neglegentur. Eum natum virtute in, ei consequat liberavisse vis. Eu mea lobortis assueverit, causae platonem eam ei, his cu omnis bonorum interesset. Ex euismod perfecto has, at deserunt sensibus recteque usu. Et simul decore quo, et mea periculis urbanitas, no eam cetero vivendum.\n', 'Author15', 'Editor15', NULL, NULL),
(79, 'Lorem ipsum dolor sit amet16', 'Lorem ipsum dolor sit amet, qui labores accumsan an. Omnes tamquam id ius. Nec eligendi convenire splendide te, id sea facete audiam. In vis ridens sanctus epicurei, ad pro possim eripuit adolescens, ad eos veritus molestie.\nNe aeterno urbanitas eum. Ei laudem animal consequat est, no vis ceteros maluisset neglegentur. Eum natum virtute in, ei consequat liberavisse vis. Eu mea lobortis assueverit, causae platonem eam ei, his cu omnis bonorum interesset. Ex euismod perfecto has, at deserunt sensibus recteque usu. Et simul decore quo, et mea periculis urbanitas, no eam cetero vivendum.\n', 'Author16', 'Editor16', NULL, NULL),
(80, 'Lorem ipsum dolor sit amet17', 'Lorem ipsum dolor sit amet, qui labores accumsan an. Omnes tamquam id ius. Nec eligendi convenire splendide te, id sea facete audiam. In vis ridens sanctus epicurei, ad pro possim eripuit adolescens, ad eos veritus molestie.\nNe aeterno urbanitas eum. Ei laudem animal consequat est, no vis ceteros maluisset neglegentur. Eum natum virtute in, ei consequat liberavisse vis. Eu mea lobortis assueverit, causae platonem eam ei, his cu omnis bonorum interesset. Ex euismod perfecto has, at deserunt sensibus recteque usu. Et simul decore quo, et mea periculis urbanitas, no eam cetero vivendum.\n', 'Author17', 'Editor17', NULL, NULL),
(81, 'Lorem ipsum dolor sit amet18', 'Lorem ipsum dolor sit amet, qui labores accumsan an. Omnes tamquam id ius. Nec eligendi convenire splendide te, id sea facete audiam. In vis ridens sanctus epicurei, ad pro possim eripuit adolescens, ad eos veritus molestie.\nNe aeterno urbanitas eum. Ei laudem animal consequat est, no vis ceteros maluisset neglegentur. Eum natum virtute in, ei consequat liberavisse vis. Eu mea lobortis assueverit, causae platonem eam ei, his cu omnis bonorum interesset. Ex euismod perfecto has, at deserunt sensibus recteque usu. Et simul decore quo, et mea periculis urbanitas, no eam cetero vivendum.\n', 'Author18', 'Editor18', NULL, NULL),
(82, 'Lorem ipsum dolor sit amet19', 'Lorem ipsum dolor sit amet, qui labores accumsan an. Omnes tamquam id ius. Nec eligendi convenire splendide te, id sea facete audiam. In vis ridens sanctus epicurei, ad pro possim eripuit adolescens, ad eos veritus molestie.\nNe aeterno urbanitas eum. Ei laudem animal consequat est, no vis ceteros maluisset neglegentur. Eum natum virtute in, ei consequat liberavisse vis. Eu mea lobortis assueverit, causae platonem eam ei, his cu omnis bonorum interesset. Ex euismod perfecto has, at deserunt sensibus recteque usu. Et simul decore quo, et mea periculis urbanitas, no eam cetero vivendum.\n', 'Author19', 'Editor19', NULL, NULL),
(83, 'Lorem ipsum dolor sit amet20', 'Lorem ipsum dolor sit amet, qui labores accumsan an. Omnes tamquam id ius. Nec eligendi convenire splendide te, id sea facete audiam. In vis ridens sanctus epicurei, ad pro possim eripuit adolescens, ad eos veritus molestie.\nNe aeterno urbanitas eum. Ei laudem animal consequat est, no vis ceteros maluisset neglegentur. Eum natum virtute in, ei consequat liberavisse vis. Eu mea lobortis assueverit, causae platonem eam ei, his cu omnis bonorum interesset. Ex euismod perfecto has, at deserunt sensibus recteque usu. Et simul decore quo, et mea periculis urbanitas, no eam cetero vivendum.\n', 'Author20', 'Editor20', NULL, NULL),
(84, 'Lorem ipsum dolor sit amet21', 'Lorem ipsum dolor sit amet, qui labores accumsan an. Omnes tamquam id ius. Nec eligendi convenire splendide te, id sea facete audiam. In vis ridens sanctus epicurei, ad pro possim eripuit adolescens, ad eos veritus molestie.\nNe aeterno urbanitas eum. Ei laudem animal consequat est, no vis ceteros maluisset neglegentur. Eum natum virtute in, ei consequat liberavisse vis. Eu mea lobortis assueverit, causae platonem eam ei, his cu omnis bonorum interesset. Ex euismod perfecto has, at deserunt sensibus recteque usu. Et simul decore quo, et mea periculis urbanitas, no eam cetero vivendum.\n', 'Author21', 'Editor21', NULL, NULL),
(85, 'Lorem ipsum dolor sit amet22', 'Lorem ipsum dolor sit amet, qui labores accumsan an. Omnes tamquam id ius. Nec eligendi convenire splendide te, id sea facete audiam. In vis ridens sanctus epicurei, ad pro possim eripuit adolescens, ad eos veritus molestie.\nNe aeterno urbanitas eum. Ei laudem animal consequat est, no vis ceteros maluisset neglegentur. Eum natum virtute in, ei consequat liberavisse vis. Eu mea lobortis assueverit, causae platonem eam ei, his cu omnis bonorum interesset. Ex euismod perfecto has, at deserunt sensibus recteque usu. Et simul decore quo, et mea periculis urbanitas, no eam cetero vivendum.\n', 'Author22', 'Editor22', NULL, NULL),
(86, 'Lorem ipsum dolor sit amet23', 'Lorem ipsum dolor sit amet, qui labores accumsan an. Omnes tamquam id ius. Nec eligendi convenire splendide te, id sea facete audiam. In vis ridens sanctus epicurei, ad pro possim eripuit adolescens, ad eos veritus molestie.\nNe aeterno urbanitas eum. Ei laudem animal consequat est, no vis ceteros maluisset neglegentur. Eum natum virtute in, ei consequat liberavisse vis. Eu mea lobortis assueverit, causae platonem eam ei, his cu omnis bonorum interesset. Ex euismod perfecto has, at deserunt sensibus recteque usu. Et simul decore quo, et mea periculis urbanitas, no eam cetero vivendum.\n', 'Author23', 'Editor23', NULL, NULL),
(87, 'Lorem ipsum dolor sit amet24', 'Lorem ipsum dolor sit amet, qui labores accumsan an. Omnes tamquam id ius. Nec eligendi convenire splendide te, id sea facete audiam. In vis ridens sanctus epicurei, ad pro possim eripuit adolescens, ad eos veritus molestie.\nNe aeterno urbanitas eum. Ei laudem animal consequat est, no vis ceteros maluisset neglegentur. Eum natum virtute in, ei consequat liberavisse vis. Eu mea lobortis assueverit, causae platonem eam ei, his cu omnis bonorum interesset. Ex euismod perfecto has, at deserunt sensibus recteque usu. Et simul decore quo, et mea periculis urbanitas, no eam cetero vivendum.\n', 'Author24', 'Editor24', NULL, NULL),
(88, 'Lorem ipsum dolor sit amet25', 'Lorem ipsum dolor sit amet, qui labores accumsan an. Omnes tamquam id ius. Nec eligendi convenire splendide te, id sea facete audiam. In vis ridens sanctus epicurei, ad pro possim eripuit adolescens, ad eos veritus molestie.\nNe aeterno urbanitas eum. Ei laudem animal consequat est, no vis ceteros maluisset neglegentur. Eum natum virtute in, ei consequat liberavisse vis. Eu mea lobortis assueverit, causae platonem eam ei, his cu omnis bonorum interesset. Ex euismod perfecto has, at deserunt sensibus recteque usu. Et simul decore quo, et mea periculis urbanitas, no eam cetero vivendum.\n', 'Author25', 'Editor25', NULL, NULL),
(89, 'Lorem ipsum dolor sit amet26', 'Lorem ipsum dolor sit amet, qui labores accumsan an. Omnes tamquam id ius. Nec eligendi convenire splendide te, id sea facete audiam. In vis ridens sanctus epicurei, ad pro possim eripuit adolescens, ad eos veritus molestie.\nNe aeterno urbanitas eum. Ei laudem animal consequat est, no vis ceteros maluisset neglegentur. Eum natum virtute in, ei consequat liberavisse vis. Eu mea lobortis assueverit, causae platonem eam ei, his cu omnis bonorum interesset. Ex euismod perfecto has, at deserunt sensibus recteque usu. Et simul decore quo, et mea periculis urbanitas, no eam cetero vivendum.\n', 'Author26', 'Editor26', NULL, NULL),
(90, 'Lorem ipsum dolor sit amet27', 'Lorem ipsum dolor sit amet, qui labores accumsan an. Omnes tamquam id ius. Nec eligendi convenire splendide te, id sea facete audiam. In vis ridens sanctus epicurei, ad pro possim eripuit adolescens, ad eos veritus molestie.\nNe aeterno urbanitas eum. Ei laudem animal consequat est, no vis ceteros maluisset neglegentur. Eum natum virtute in, ei consequat liberavisse vis. Eu mea lobortis assueverit, causae platonem eam ei, his cu omnis bonorum interesset. Ex euismod perfecto has, at deserunt sensibus recteque usu. Et simul decore quo, et mea periculis urbanitas, no eam cetero vivendum.\n', 'Author27', 'Editor27', NULL, NULL),
(91, 'Lorem ipsum dolor sit amet28', 'Lorem ipsum dolor sit amet, qui labores accumsan an. Omnes tamquam id ius. Nec eligendi convenire splendide te, id sea facete audiam. In vis ridens sanctus epicurei, ad pro possim eripuit adolescens, ad eos veritus molestie.\nNe aeterno urbanitas eum. Ei laudem animal consequat est, no vis ceteros maluisset neglegentur. Eum natum virtute in, ei consequat liberavisse vis. Eu mea lobortis assueverit, causae platonem eam ei, his cu omnis bonorum interesset. Ex euismod perfecto has, at deserunt sensibus recteque usu. Et simul decore quo, et mea periculis urbanitas, no eam cetero vivendum.\n', 'Author28', 'Editor28', NULL, NULL),
(92, 'Lorem ipsum dolor sit amet29', 'Lorem ipsum dolor sit amet, qui labores accumsan an. Omnes tamquam id ius. Nec eligendi convenire splendide te, id sea facete audiam. In vis ridens sanctus epicurei, ad pro possim eripuit adolescens, ad eos veritus molestie.\nNe aeterno urbanitas eum. Ei laudem animal consequat est, no vis ceteros maluisset neglegentur. Eum natum virtute in, ei consequat liberavisse vis. Eu mea lobortis assueverit, causae platonem eam ei, his cu omnis bonorum interesset. Ex euismod perfecto has, at deserunt sensibus recteque usu. Et simul decore quo, et mea periculis urbanitas, no eam cetero vivendum.\n', 'Author29', 'Editor29', NULL, NULL),
(93, 'Lorem ipsum dolor sit amet30', 'Lorem ipsum dolor sit amet, qui labores accumsan an. Omnes tamquam id ius. Nec eligendi convenire splendide te, id sea facete audiam. In vis ridens sanctus epicurei, ad pro possim eripuit adolescens, ad eos veritus molestie.\nNe aeterno urbanitas eum. Ei laudem animal consequat est, no vis ceteros maluisset neglegentur. Eum natum virtute in, ei consequat liberavisse vis. Eu mea lobortis assueverit, causae platonem eam ei, his cu omnis bonorum interesset. Ex euismod perfecto has, at deserunt sensibus recteque usu. Et simul decore quo, et mea periculis urbanitas, no eam cetero vivendum.\n', 'Author30', 'Editor30', NULL, NULL),
(94, 'Lorem ipsum dolor sit amet31', 'Lorem ipsum dolor sit amet, qui labores accumsan an. Omnes tamquam id ius. Nec eligendi convenire splendide te, id sea facete audiam. In vis ridens sanctus epicurei, ad pro possim eripuit adolescens, ad eos veritus molestie.\nNe aeterno urbanitas eum. Ei laudem animal consequat est, no vis ceteros maluisset neglegentur. Eum natum virtute in, ei consequat liberavisse vis. Eu mea lobortis assueverit, causae platonem eam ei, his cu omnis bonorum interesset. Ex euismod perfecto has, at deserunt sensibus recteque usu. Et simul decore quo, et mea periculis urbanitas, no eam cetero vivendum.\n', 'Author31', 'Editor31', NULL, NULL),
(95, 'Lorem ipsum dolor sit amet32', 'Lorem ipsum dolor sit amet, qui labores accumsan an. Omnes tamquam id ius. Nec eligendi convenire splendide te, id sea facete audiam. In vis ridens sanctus epicurei, ad pro possim eripuit adolescens, ad eos veritus molestie.\nNe aeterno urbanitas eum. Ei laudem animal consequat est, no vis ceteros maluisset neglegentur. Eum natum virtute in, ei consequat liberavisse vis. Eu mea lobortis assueverit, causae platonem eam ei, his cu omnis bonorum interesset. Ex euismod perfecto has, at deserunt sensibus recteque usu. Et simul decore quo, et mea periculis urbanitas, no eam cetero vivendum.\n', 'Author32', 'Editor32', NULL, NULL),
(96, 'Lorem ipsum dolor sit amet33', 'Lorem ipsum dolor sit amet, qui labores accumsan an. Omnes tamquam id ius. Nec eligendi convenire splendide te, id sea facete audiam. In vis ridens sanctus epicurei, ad pro possim eripuit adolescens, ad eos veritus molestie.\nNe aeterno urbanitas eum. Ei laudem animal consequat est, no vis ceteros maluisset neglegentur. Eum natum virtute in, ei consequat liberavisse vis. Eu mea lobortis assueverit, causae platonem eam ei, his cu omnis bonorum interesset. Ex euismod perfecto has, at deserunt sensibus recteque usu. Et simul decore quo, et mea periculis urbanitas, no eam cetero vivendum.\n', 'Author33', 'Editor33', NULL, NULL),
(97, 'Lorem ipsum dolor sit amet34', 'Lorem ipsum dolor sit amet, qui labores accumsan an. Omnes tamquam id ius. Nec eligendi convenire splendide te, id sea facete audiam. In vis ridens sanctus epicurei, ad pro possim eripuit adolescens, ad eos veritus molestie.\nNe aeterno urbanitas eum. Ei laudem animal consequat est, no vis ceteros maluisset neglegentur. Eum natum virtute in, ei consequat liberavisse vis. Eu mea lobortis assueverit, causae platonem eam ei, his cu omnis bonorum interesset. Ex euismod perfecto has, at deserunt sensibus recteque usu. Et simul decore quo, et mea periculis urbanitas, no eam cetero vivendum.\n', 'Author34', 'Editor34', NULL, NULL),
(98, 'Lorem ipsum dolor sit amet35', 'Lorem ipsum dolor sit amet, qui labores accumsan an. Omnes tamquam id ius. Nec eligendi convenire splendide te, id sea facete audiam. In vis ridens sanctus epicurei, ad pro possim eripuit adolescens, ad eos veritus molestie.\nNe aeterno urbanitas eum. Ei laudem animal consequat est, no vis ceteros maluisset neglegentur. Eum natum virtute in, ei consequat liberavisse vis. Eu mea lobortis assueverit, causae platonem eam ei, his cu omnis bonorum interesset. Ex euismod perfecto has, at deserunt sensibus recteque usu. Et simul decore quo, et mea periculis urbanitas, no eam cetero vivendum.\n', 'Author35', 'Editor35', NULL, NULL),
(99, 'Lorem ipsum dolor sit amet36', 'Lorem ipsum dolor sit amet, qui labores accumsan an. Omnes tamquam id ius. Nec eligendi convenire splendide te, id sea facete audiam. In vis ridens sanctus epicurei, ad pro possim eripuit adolescens, ad eos veritus molestie.\nNe aeterno urbanitas eum. Ei laudem animal consequat est, no vis ceteros maluisset neglegentur. Eum natum virtute in, ei consequat liberavisse vis. Eu mea lobortis assueverit, causae platonem eam ei, his cu omnis bonorum interesset. Ex euismod perfecto has, at deserunt sensibus recteque usu. Et simul decore quo, et mea periculis urbanitas, no eam cetero vivendum.\n', 'Author36', 'Editor36', NULL, NULL),
(100, 'Lorem ipsum dolor sit amet37', 'Lorem ipsum dolor sit amet, qui labores accumsan an. Omnes tamquam id ius. Nec eligendi convenire splendide te, id sea facete audiam. In vis ridens sanctus epicurei, ad pro possim eripuit adolescens, ad eos veritus molestie.\nNe aeterno urbanitas eum. Ei laudem animal consequat est, no vis ceteros maluisset neglegentur. Eum natum virtute in, ei consequat liberavisse vis. Eu mea lobortis assueverit, causae platonem eam ei, his cu omnis bonorum interesset. Ex euismod perfecto has, at deserunt sensibus recteque usu. Et simul decore quo, et mea periculis urbanitas, no eam cetero vivendum.\n', 'Author37', 'Editor37', NULL, NULL),
(101, 'Lorem ipsum dolor sit amet38', 'Lorem ipsum dolor sit amet, qui labores accumsan an. Omnes tamquam id ius. Nec eligendi convenire splendide te, id sea facete audiam. In vis ridens sanctus epicurei, ad pro possim eripuit adolescens, ad eos veritus molestie.\nNe aeterno urbanitas eum. Ei laudem animal consequat est, no vis ceteros maluisset neglegentur. Eum natum virtute in, ei consequat liberavisse vis. Eu mea lobortis assueverit, causae platonem eam ei, his cu omnis bonorum interesset. Ex euismod perfecto has, at deserunt sensibus recteque usu. Et simul decore quo, et mea periculis urbanitas, no eam cetero vivendum.\n', 'Author38', 'Editor38', NULL, NULL),
(102, 'Lorem ipsum dolor sit amet39', 'Lorem ipsum dolor sit amet, qui labores accumsan an. Omnes tamquam id ius. Nec eligendi convenire splendide te, id sea facete audiam. In vis ridens sanctus epicurei, ad pro possim eripuit adolescens, ad eos veritus molestie.\nNe aeterno urbanitas eum. Ei laudem animal consequat est, no vis ceteros maluisset neglegentur. Eum natum virtute in, ei consequat liberavisse vis. Eu mea lobortis assueverit, causae platonem eam ei, his cu omnis bonorum interesset. Ex euismod perfecto has, at deserunt sensibus recteque usu. Et simul decore quo, et mea periculis urbanitas, no eam cetero vivendum.\n', 'Author39', 'Editor39', NULL, NULL),
(103, 'Lorem ipsum dolor sit amet40', 'Lorem ipsum dolor sit amet, qui labores accumsan an. Omnes tamquam id ius. Nec eligendi convenire splendide te, id sea facete audiam. In vis ridens sanctus epicurei, ad pro possim eripuit adolescens, ad eos veritus molestie.\nNe aeterno urbanitas eum. Ei laudem animal consequat est, no vis ceteros maluisset neglegentur. Eum natum virtute in, ei consequat liberavisse vis. Eu mea lobortis assueverit, causae platonem eam ei, his cu omnis bonorum interesset. Ex euismod perfecto has, at deserunt sensibus recteque usu. Et simul decore quo, et mea periculis urbanitas, no eam cetero vivendum.\n', 'Author40', 'Editor40', NULL, NULL),
(104, 'Lorem ipsum dolor sit amet41', 'Lorem ipsum dolor sit amet, qui labores accumsan an. Omnes tamquam id ius. Nec eligendi convenire splendide te, id sea facete audiam. In vis ridens sanctus epicurei, ad pro possim eripuit adolescens, ad eos veritus molestie.\nNe aeterno urbanitas eum. Ei laudem animal consequat est, no vis ceteros maluisset neglegentur. Eum natum virtute in, ei consequat liberavisse vis. Eu mea lobortis assueverit, causae platonem eam ei, his cu omnis bonorum interesset. Ex euismod perfecto has, at deserunt sensibus recteque usu. Et simul decore quo, et mea periculis urbanitas, no eam cetero vivendum.\n', 'Author41', 'Editor41', NULL, NULL),
(105, 'Lorem ipsum dolor sit amet42', 'Lorem ipsum dolor sit amet, qui labores accumsan an. Omnes tamquam id ius. Nec eligendi convenire splendide te, id sea facete audiam. In vis ridens sanctus epicurei, ad pro possim eripuit adolescens, ad eos veritus molestie.\nNe aeterno urbanitas eum. Ei laudem animal consequat est, no vis ceteros maluisset neglegentur. Eum natum virtute in, ei consequat liberavisse vis. Eu mea lobortis assueverit, causae platonem eam ei, his cu omnis bonorum interesset. Ex euismod perfecto has, at deserunt sensibus recteque usu. Et simul decore quo, et mea periculis urbanitas, no eam cetero vivendum.\n', 'Author42', 'Editor42', NULL, NULL),
(106, 'Lorem ipsum dolor sit amet43', 'Lorem ipsum dolor sit amet, qui labores accumsan an. Omnes tamquam id ius. Nec eligendi convenire splendide te, id sea facete audiam. In vis ridens sanctus epicurei, ad pro possim eripuit adolescens, ad eos veritus molestie.\nNe aeterno urbanitas eum. Ei laudem animal consequat est, no vis ceteros maluisset neglegentur. Eum natum virtute in, ei consequat liberavisse vis. Eu mea lobortis assueverit, causae platonem eam ei, his cu omnis bonorum interesset. Ex euismod perfecto has, at deserunt sensibus recteque usu. Et simul decore quo, et mea periculis urbanitas, no eam cetero vivendum.\n', 'Author43', 'Editor43', NULL, NULL),
(107, 'Lorem ipsum dolor sit amet44', 'Lorem ipsum dolor sit amet, qui labores accumsan an. Omnes tamquam id ius. Nec eligendi convenire splendide te, id sea facete audiam. In vis ridens sanctus epicurei, ad pro possim eripuit adolescens, ad eos veritus molestie.\nNe aeterno urbanitas eum. Ei laudem animal consequat est, no vis ceteros maluisset neglegentur. Eum natum virtute in, ei consequat liberavisse vis. Eu mea lobortis assueverit, causae platonem eam ei, his cu omnis bonorum interesset. Ex euismod perfecto has, at deserunt sensibus recteque usu. Et simul decore quo, et mea periculis urbanitas, no eam cetero vivendum.\n', 'Author44', 'Editor44', NULL, NULL),
(108, 'Lorem ipsum dolor sit amet45', 'Lorem ipsum dolor sit amet, qui labores accumsan an. Omnes tamquam id ius. Nec eligendi convenire splendide te, id sea facete audiam. In vis ridens sanctus epicurei, ad pro possim eripuit adolescens, ad eos veritus molestie.\nNe aeterno urbanitas eum. Ei laudem animal consequat est, no vis ceteros maluisset neglegentur. Eum natum virtute in, ei consequat liberavisse vis. Eu mea lobortis assueverit, causae platonem eam ei, his cu omnis bonorum interesset. Ex euismod perfecto has, at deserunt sensibus recteque usu. Et simul decore quo, et mea periculis urbanitas, no eam cetero vivendum.\n', 'Author45', 'Editor45', NULL, NULL),
(109, 'Lorem ipsum dolor sit amet46', 'Lorem ipsum dolor sit amet, qui labores accumsan an. Omnes tamquam id ius. Nec eligendi convenire splendide te, id sea facete audiam. In vis ridens sanctus epicurei, ad pro possim eripuit adolescens, ad eos veritus molestie.\nNe aeterno urbanitas eum. Ei laudem animal consequat est, no vis ceteros maluisset neglegentur. Eum natum virtute in, ei consequat liberavisse vis. Eu mea lobortis assueverit, causae platonem eam ei, his cu omnis bonorum interesset. Ex euismod perfecto has, at deserunt sensibus recteque usu. Et simul decore quo, et mea periculis urbanitas, no eam cetero vivendum.\n', 'Author46', 'Editor46', NULL, NULL),
(110, 'Lorem ipsum dolor sit amet47', 'Lorem ipsum dolor sit amet, qui labores accumsan an. Omnes tamquam id ius. Nec eligendi convenire splendide te, id sea facete audiam. In vis ridens sanctus epicurei, ad pro possim eripuit adolescens, ad eos veritus molestie.\nNe aeterno urbanitas eum. Ei laudem animal consequat est, no vis ceteros maluisset neglegentur. Eum natum virtute in, ei consequat liberavisse vis. Eu mea lobortis assueverit, causae platonem eam ei, his cu omnis bonorum interesset. Ex euismod perfecto has, at deserunt sensibus recteque usu. Et simul decore quo, et mea periculis urbanitas, no eam cetero vivendum.\n', 'Author47', 'Editor47', NULL, NULL),
(111, 'Lorem ipsum dolor sit amet48', 'Lorem ipsum dolor sit amet, qui labores accumsan an. Omnes tamquam id ius. Nec eligendi convenire splendide te, id sea facete audiam. In vis ridens sanctus epicurei, ad pro possim eripuit adolescens, ad eos veritus molestie.\nNe aeterno urbanitas eum. Ei laudem animal consequat est, no vis ceteros maluisset neglegentur. Eum natum virtute in, ei consequat liberavisse vis. Eu mea lobortis assueverit, causae platonem eam ei, his cu omnis bonorum interesset. Ex euismod perfecto has, at deserunt sensibus recteque usu. Et simul decore quo, et mea periculis urbanitas, no eam cetero vivendum.\n', 'Author48', 'Editor48', NULL, NULL),
(112, 'Lorem ipsum dolor sit amet49', 'Lorem ipsum dolor sit amet, qui labores accumsan an. Omnes tamquam id ius. Nec eligendi convenire splendide te, id sea facete audiam. In vis ridens sanctus epicurei, ad pro possim eripuit adolescens, ad eos veritus molestie.\nNe aeterno urbanitas eum. Ei laudem animal consequat est, no vis ceteros maluisset neglegentur. Eum natum virtute in, ei consequat liberavisse vis. Eu mea lobortis assueverit, causae platonem eam ei, his cu omnis bonorum interesset. Ex euismod perfecto has, at deserunt sensibus recteque usu. Et simul decore quo, et mea periculis urbanitas, no eam cetero vivendum.\n', 'Author49', 'Editor49', NULL, NULL),
(113, 'Lorem ipsum dolor sit amet50', 'Lorem ipsum dolor sit amet, qui labores accumsan an. Omnes tamquam id ius. Nec eligendi convenire splendide te, id sea facete audiam. In vis ridens sanctus epicurei, ad pro possim eripuit adolescens, ad eos veritus molestie.\nNe aeterno urbanitas eum. Ei laudem animal consequat est, no vis ceteros maluisset neglegentur. Eum natum virtute in, ei consequat liberavisse vis. Eu mea lobortis assueverit, causae platonem eam ei, his cu omnis bonorum interesset. Ex euismod perfecto has, at deserunt sensibus recteque usu. Et simul decore quo, et mea periculis urbanitas, no eam cetero vivendum.\n', 'Author50', 'Editor50', NULL, NULL),
(114, 'Lorem ipsum dolor sit amet51', 'Lorem ipsum dolor sit amet, qui labores accumsan an. Omnes tamquam id ius. Nec eligendi convenire splendide te, id sea facete audiam. In vis ridens sanctus epicurei, ad pro possim eripuit adolescens, ad eos veritus molestie.\nNe aeterno urbanitas eum. Ei laudem animal consequat est, no vis ceteros maluisset neglegentur. Eum natum virtute in, ei consequat liberavisse vis. Eu mea lobortis assueverit, causae platonem eam ei, his cu omnis bonorum interesset. Ex euismod perfecto has, at deserunt sensibus recteque usu. Et simul decore quo, et mea periculis urbanitas, no eam cetero vivendum.\n', 'Author51', 'Editor51', NULL, NULL),
(115, 'Lorem ipsum dolor sit amet52', 'Lorem ipsum dolor sit amet, qui labores accumsan an. Omnes tamquam id ius. Nec eligendi convenire splendide te, id sea facete audiam. In vis ridens sanctus epicurei, ad pro possim eripuit adolescens, ad eos veritus molestie.\nNe aeterno urbanitas eum. Ei laudem animal consequat est, no vis ceteros maluisset neglegentur. Eum natum virtute in, ei consequat liberavisse vis. Eu mea lobortis assueverit, causae platonem eam ei, his cu omnis bonorum interesset. Ex euismod perfecto has, at deserunt sensibus recteque usu. Et simul decore quo, et mea periculis urbanitas, no eam cetero vivendum.\n', 'Author52', 'Editor52', NULL, NULL),
(116, 'Lorem ipsum dolor sit amet53', 'Lorem ipsum dolor sit amet, qui labores accumsan an. Omnes tamquam id ius. Nec eligendi convenire splendide te, id sea facete audiam. In vis ridens sanctus epicurei, ad pro possim eripuit adolescens, ad eos veritus molestie.\nNe aeterno urbanitas eum. Ei laudem animal consequat est, no vis ceteros maluisset neglegentur. Eum natum virtute in, ei consequat liberavisse vis. Eu mea lobortis assueverit, causae platonem eam ei, his cu omnis bonorum interesset. Ex euismod perfecto has, at deserunt sensibus recteque usu. Et simul decore quo, et mea periculis urbanitas, no eam cetero vivendum.\n', 'Author53', 'Editor53', NULL, NULL),
(117, 'Lorem ipsum dolor sit amet54', 'Lorem ipsum dolor sit amet, qui labores accumsan an. Omnes tamquam id ius. Nec eligendi convenire splendide te, id sea facete audiam. In vis ridens sanctus epicurei, ad pro possim eripuit adolescens, ad eos veritus molestie.\nNe aeterno urbanitas eum. Ei laudem animal consequat est, no vis ceteros maluisset neglegentur. Eum natum virtute in, ei consequat liberavisse vis. Eu mea lobortis assueverit, causae platonem eam ei, his cu omnis bonorum interesset. Ex euismod perfecto has, at deserunt sensibus recteque usu. Et simul decore quo, et mea periculis urbanitas, no eam cetero vivendum.\n', 'Author54', 'Editor54', NULL, NULL),
(118, 'Lorem ipsum dolor sit amet55', 'Lorem ipsum dolor sit amet, qui labores accumsan an. Omnes tamquam id ius. Nec eligendi convenire splendide te, id sea facete audiam. In vis ridens sanctus epicurei, ad pro possim eripuit adolescens, ad eos veritus molestie.\nNe aeterno urbanitas eum. Ei laudem animal consequat est, no vis ceteros maluisset neglegentur. Eum natum virtute in, ei consequat liberavisse vis. Eu mea lobortis assueverit, causae platonem eam ei, his cu omnis bonorum interesset. Ex euismod perfecto has, at deserunt sensibus recteque usu. Et simul decore quo, et mea periculis urbanitas, no eam cetero vivendum.\n', 'Author55', 'Editor55', NULL, NULL),
(119, 'Lorem ipsum dolor sit amet56', 'Lorem ipsum dolor sit amet, qui labores accumsan an. Omnes tamquam id ius. Nec eligendi convenire splendide te, id sea facete audiam. In vis ridens sanctus epicurei, ad pro possim eripuit adolescens, ad eos veritus molestie.\nNe aeterno urbanitas eum. Ei laudem animal consequat est, no vis ceteros maluisset neglegentur. Eum natum virtute in, ei consequat liberavisse vis. Eu mea lobortis assueverit, causae platonem eam ei, his cu omnis bonorum interesset. Ex euismod perfecto has, at deserunt sensibus recteque usu. Et simul decore quo, et mea periculis urbanitas, no eam cetero vivendum.\n', 'Author56', 'Editor56', NULL, NULL),
(120, 'Lorem ipsum dolor sit amet57', 'Lorem ipsum dolor sit amet, qui labores accumsan an. Omnes tamquam id ius. Nec eligendi convenire splendide te, id sea facete audiam. In vis ridens sanctus epicurei, ad pro possim eripuit adolescens, ad eos veritus molestie.\nNe aeterno urbanitas eum. Ei laudem animal consequat est, no vis ceteros maluisset neglegentur. Eum natum virtute in, ei consequat liberavisse vis. Eu mea lobortis assueverit, causae platonem eam ei, his cu omnis bonorum interesset. Ex euismod perfecto has, at deserunt sensibus recteque usu. Et simul decore quo, et mea periculis urbanitas, no eam cetero vivendum.\n', 'Author57', 'Editor57', NULL, NULL),
(121, 'Lorem ipsum dolor sit amet58', 'Lorem ipsum dolor sit amet, qui labores accumsan an. Omnes tamquam id ius. Nec eligendi convenire splendide te, id sea facete audiam. In vis ridens sanctus epicurei, ad pro possim eripuit adolescens, ad eos veritus molestie.\nNe aeterno urbanitas eum. Ei laudem animal consequat est, no vis ceteros maluisset neglegentur. Eum natum virtute in, ei consequat liberavisse vis. Eu mea lobortis assueverit, causae platonem eam ei, his cu omnis bonorum interesset. Ex euismod perfecto has, at deserunt sensibus recteque usu. Et simul decore quo, et mea periculis urbanitas, no eam cetero vivendum.\n', 'Author58', 'Editor58', NULL, NULL),
(122, 'Lorem ipsum dolor sit amet59', 'Lorem ipsum dolor sit amet, qui labores accumsan an. Omnes tamquam id ius. Nec eligendi convenire splendide te, id sea facete audiam. In vis ridens sanctus epicurei, ad pro possim eripuit adolescens, ad eos veritus molestie.\nNe aeterno urbanitas eum. Ei laudem animal consequat est, no vis ceteros maluisset neglegentur. Eum natum virtute in, ei consequat liberavisse vis. Eu mea lobortis assueverit, causae platonem eam ei, his cu omnis bonorum interesset. Ex euismod perfecto has, at deserunt sensibus recteque usu. Et simul decore quo, et mea periculis urbanitas, no eam cetero vivendum.\n', 'Author59', 'Editor59', NULL, NULL),
(123, 'Lorem ipsum dolor sit amet60', 'Lorem ipsum dolor sit amet, qui labores accumsan an. Omnes tamquam id ius. Nec eligendi convenire splendide te, id sea facete audiam. In vis ridens sanctus epicurei, ad pro possim eripuit adolescens, ad eos veritus molestie.\nNe aeterno urbanitas eum. Ei laudem animal consequat est, no vis ceteros maluisset neglegentur. Eum natum virtute in, ei consequat liberavisse vis. Eu mea lobortis assueverit, causae platonem eam ei, his cu omnis bonorum interesset. Ex euismod perfecto has, at deserunt sensibus recteque usu. Et simul decore quo, et mea periculis urbanitas, no eam cetero vivendum.\n', 'Author60', 'Editor60', NULL, NULL),
(124, 'Lorem ipsum dolor sit amet61', 'Lorem ipsum dolor sit amet, qui labores accumsan an. Omnes tamquam id ius. Nec eligendi convenire splendide te, id sea facete audiam. In vis ridens sanctus epicurei, ad pro possim eripuit adolescens, ad eos veritus molestie.\nNe aeterno urbanitas eum. Ei laudem animal consequat est, no vis ceteros maluisset neglegentur. Eum natum virtute in, ei consequat liberavisse vis. Eu mea lobortis assueverit, causae platonem eam ei, his cu omnis bonorum interesset. Ex euismod perfecto has, at deserunt sensibus recteque usu. Et simul decore quo, et mea periculis urbanitas, no eam cetero vivendum.\n', 'Author61', 'Editor61', NULL, NULL),
(125, 'Lorem ipsum dolor sit amet62', 'Lorem ipsum dolor sit amet, qui labores accumsan an. Omnes tamquam id ius. Nec eligendi convenire splendide te, id sea facete audiam. In vis ridens sanctus epicurei, ad pro possim eripuit adolescens, ad eos veritus molestie.\nNe aeterno urbanitas eum. Ei laudem animal consequat est, no vis ceteros maluisset neglegentur. Eum natum virtute in, ei consequat liberavisse vis. Eu mea lobortis assueverit, causae platonem eam ei, his cu omnis bonorum interesset. Ex euismod perfecto has, at deserunt sensibus recteque usu. Et simul decore quo, et mea periculis urbanitas, no eam cetero vivendum.\n', 'Author62', 'Editor62', NULL, NULL),
(126, 'Lorem ipsum dolor sit amet63', 'Lorem ipsum dolor sit amet, qui labores accumsan an. Omnes tamquam id ius. Nec eligendi convenire splendide te, id sea facete audiam. In vis ridens sanctus epicurei, ad pro possim eripuit adolescens, ad eos veritus molestie.\nNe aeterno urbanitas eum. Ei laudem animal consequat est, no vis ceteros maluisset neglegentur. Eum natum virtute in, ei consequat liberavisse vis. Eu mea lobortis assueverit, causae platonem eam ei, his cu omnis bonorum interesset. Ex euismod perfecto has, at deserunt sensibus recteque usu. Et simul decore quo, et mea periculis urbanitas, no eam cetero vivendum.\n', 'Author63', 'Editor63', NULL, NULL);

-- --------------------------------------------------------

--
-- Table structure for table `cache`
--

CREATE TABLE `cache` (
  `key` varchar(255) COLLATE utf8mb4_unicode_ci NOT NULL,
  `value` text COLLATE utf8mb4_unicode_ci NOT NULL,
  `expiration` int(11) NOT NULL
) ENGINE=InnoDB DEFAULT CHARSET=utf8mb4 COLLATE=utf8mb4_unicode_ci ROW_FORMAT=DYNAMIC;

-- --------------------------------------------------------

--
-- Table structure for table `migrations`
--

CREATE TABLE `migrations` (
  `id` int(10) UNSIGNED NOT NULL,
  `migration` varchar(255) COLLATE utf8mb4_unicode_ci NOT NULL,
  `batch` int(11) NOT NULL
) ENGINE=InnoDB DEFAULT CHARSET=utf8mb4 COLLATE=utf8mb4_unicode_ci ROW_FORMAT=DYNAMIC;

--
-- Dumping data for table `migrations`
--

INSERT INTO `migrations` (`id`, `migration`, `batch`) VALUES
(1, '2014_10_12_000000_create_users_table', 1),
(2, '2014_10_12_100000_create_password_resets_table', 1),
(3, '2019_05_05_102430_create_cache_table', 1),
(4, '2019_05_05_102448_create_books_table', 1);

-- --------------------------------------------------------

--
-- Table structure for table `password_resets`
--

CREATE TABLE `password_resets` (
  `email` varchar(255) COLLATE utf8mb4_unicode_ci NOT NULL,
  `token` varchar(255) COLLATE utf8mb4_unicode_ci NOT NULL,
  `created_at` timestamp NULL DEFAULT NULL
) ENGINE=InnoDB DEFAULT CHARSET=utf8mb4 COLLATE=utf8mb4_unicode_ci ROW_FORMAT=DYNAMIC;

-- --------------------------------------------------------

--
-- Table structure for table `users`
--

CREATE TABLE `users` (
  `id` int(10) UNSIGNED NOT NULL,
  `name` varchar(255) COLLATE utf8mb4_unicode_ci NOT NULL,
  `email` varchar(255) COLLATE utf8mb4_unicode_ci NOT NULL,
  `email_verified_at` timestamp NULL DEFAULT NULL,
  `password` varchar(255) COLLATE utf8mb4_unicode_ci NOT NULL,
  `remember_token` varchar(100) COLLATE utf8mb4_unicode_ci DEFAULT NULL,
  `created_at` timestamp NULL DEFAULT NULL,
  `updated_at` timestamp NULL DEFAULT NULL
) ENGINE=InnoDB DEFAULT CHARSET=utf8mb4 COLLATE=utf8mb4_unicode_ci ROW_FORMAT=DYNAMIC;

--
-- Dumping data for table `users`
--

INSERT INTO `users` (`id`, `name`, `email`, `email_verified_at`, `password`, `remember_token`, `created_at`, `updated_at`) VALUES
(1, 'Admoo Finance', 'info@admoo.lk', NULL, '$2y$10$xyQLtdSKcD9o/GoP4wrZIuw8k6U0nWaoabzm9vJbCj4moQW5CXrEG', '1aZf0HKSv6tMpV1z5BoJDU7thovbqnD3vaYveD3ZW8IL3PEiwbh5YhHj96aV', '2019-05-05 05:04:31', '2019-05-05 05:04:31');

--
-- Indexes for dumped tables
--

--
-- Indexes for table `authors`
--
ALTER TABLE `authors`
  ADD PRIMARY KEY (`id`) USING BTREE,
  ADD KEY `authors_book_id_index` (`book_id`) USING BTREE;

--
-- Indexes for table `books`
--
ALTER TABLE `books`
  ADD PRIMARY KEY (`id`) USING BTREE;

--
-- Indexes for table `cache`
--
ALTER TABLE `cache`
  ADD UNIQUE KEY `cache_key_unique` (`key`) USING BTREE;

--
-- Indexes for table `migrations`
--
ALTER TABLE `migrations`
  ADD PRIMARY KEY (`id`) USING BTREE;

--
-- Indexes for table `password_resets`
--
ALTER TABLE `password_resets`
  ADD KEY `password_resets_email_index` (`email`) USING BTREE;

--
-- Indexes for table `users`
--
ALTER TABLE `users`
  ADD PRIMARY KEY (`id`) USING BTREE,
  ADD UNIQUE KEY `users_email_unique` (`email`) USING BTREE;

--
-- AUTO_INCREMENT for dumped tables
--

--
-- AUTO_INCREMENT for table `authors`
--
ALTER TABLE `authors`
  MODIFY `id` int(10) UNSIGNED NOT NULL AUTO_INCREMENT, AUTO_INCREMENT=21;

--
-- AUTO_INCREMENT for table `books`
--
ALTER TABLE `books`
  MODIFY `id` int(10) UNSIGNED NOT NULL AUTO_INCREMENT, AUTO_INCREMENT=127;

--
-- AUTO_INCREMENT for table `migrations`
--
ALTER TABLE `migrations`
  MODIFY `id` int(10) UNSIGNED NOT NULL AUTO_INCREMENT, AUTO_INCREMENT=5;

--
-- AUTO_INCREMENT for table `users`
--
ALTER TABLE `users`
  MODIFY `id` int(10) UNSIGNED NOT NULL AUTO_INCREMENT, AUTO_INCREMENT=2;

--
-- Constraints for dumped tables
--

--
-- Constraints for table `authors`
--
ALTER TABLE `authors`
  ADD CONSTRAINT `authors_book_id_foreign` FOREIGN KEY (`book_id`) REFERENCES `books` (`id`);
COMMIT;

/*!40101 SET CHARACTER_SET_CLIENT=@OLD_CHARACTER_SET_CLIENT */;
/*!40101 SET CHARACTER_SET_RESULTS=@OLD_CHARACTER_SET_RESULTS */;
/*!40101 SET COLLATION_CONNECTION=@OLD_COLLATION_CONNECTION */;
